#FILE	SEQUENCE	START	END	GENE	COVERAGE	COVERAGE_MAP	GAPS	%COVERAGE	%IDENTITY	DATABASE	ACCESSION
/home/ryder/AMR_PROJECT/assemblies/11658_4_54.fa	ERZ3165400.100	126	264	Col(MG828)_1	120-258/262	......==/======	2/2	52.67	80.71	plasmidfinder	NC_008486
/home/ryder/AMR_PROJECT/assemblies/11658_4_54.fa	ERZ3165400.100	982	1077	Col(MG828)_1	164-258/262	......../======	1/1	36.26	84.38	plasmidfinder	NC_008486
/home/ryder/AMR_PROJECT/assemblies/11658_4_54.fa	ERZ3165400.45	15348	15475	IncX1_4	1-128/377	======.........	0/0	33.95	99.22	plasmidfinder	JN935898
/home/ryder/AMR_PROJECT/assemblies/11658_4_54.fa	ERZ3165400.45	20426	20683	IncX1_4	120-377/377	....===========	0/0	68.44	98.84	plasmidfinder	JN935898
/home/ryder/AMR_PROJECT/assemblies/11658_4_54.fa	ERZ3165400.46	13882	14466	IncFII(pCRY)_1_pCRY	9-591/593	========/======	1/2	98.31	78.46	plasmidfinder	NC_005814
/home/ryder/AMR_PROJECT/assemblies/11658_4_54.fa	ERZ3165400.46	14914	15052	Col(MG828)_1	120-258/262	......==/======	2/2	52.67	80.00	plasmidfinder	NC_008486
/home/ryder/AMR_PROJECT/assemblies/11658_4_54.fa	ERZ3165400.85	1453	1645	Col(MP18)_1	1-193/193	===============	0/0	100.00	100.00	plasmidfinder	NC_013652
