#FILE	SEQUENCE	START	END	GENE	COVERAGE	COVERAGE_MAP	GAPS	%COVERAGE	%IDENTITY	DATABASE	ACCESSION
/home/ryder/AMR_PROJECT/assemblies/11658_4_66.fa	ERZ3165717.119	216	467	Col(MG828)_1	11-262/262	===============	0/0	96.18	92.46	plasmidfinder	NC_008486
/home/ryder/AMR_PROJECT/assemblies/11658_4_66.fa	ERZ3165717.41	4252	4639	IncFIA_1	1-388/388	===============	0/0	100.00	99.74	plasmidfinder	AP001918
/home/ryder/AMR_PROJECT/assemblies/11658_4_66.fa	ERZ3165717.57	1981	2241	IncFII_1	1-261/261	===============	0/0	100.00	100.00	plasmidfinder	AY458016
/home/ryder/AMR_PROJECT/assemblies/11658_4_66.fa	ERZ3165717.66	356	557	Col8282_1	4-205/207	===============	0/0	97.58	89.60	plasmidfinder	DQ995353
