#FILE	SEQUENCE	START	END	GENE	COVERAGE	COVERAGE_MAP	GAPS	%COVERAGE	%IDENTITY	DATABASE	ACCESSION
/home/ryder/AMR_PROJECT/assemblies/11657_7_23.fa	ERZ3164835.101	317	577	IncFII_1	1-261/261	===============	0/0	100.00	100.00	plasmidfinder	AY458016
/home/ryder/AMR_PROJECT/assemblies/11657_7_23.fa	ERZ3164835.108	1141	1402	Col(MG828)_1	1-262/262	===============	0/0	100.00	92.75	plasmidfinder	NC_008486
/home/ryder/AMR_PROJECT/assemblies/11657_7_23.fa	ERZ3164835.34	27342	28106	IncY_1	1-765/765	===============	0/0	100.00	99.48	plasmidfinder	K02380
/home/ryder/AMR_PROJECT/assemblies/11657_7_23.fa	ERZ3164835.67	4251	4638	IncFIA_1	1-388/388	===============	0/0	100.00	99.74	plasmidfinder	AP001918
/home/ryder/AMR_PROJECT/assemblies/11657_7_23.fa	ERZ3164835.77	4297	4796	IncFIC(FII)_1	1-499/499	========/======	6/7	99.40	83.30	plasmidfinder	AP001918
