#FILE	SEQUENCE	START	END	GENE	COVERAGE	COVERAGE_MAP	GAPS	%COVERAGE	%IDENTITY	DATABASE	ACCESSION
/home/ryder/AMR_PROJECT/assemblies/11657_5_48.fa	ERZ3165407.23	17536	17797	IncFII(pRSB107)_1_pRSB107	1-261/261	========/======	1/1	100.00	96.18	plasmidfinder	AJ851089
/home/ryder/AMR_PROJECT/assemblies/11657_5_48.fa	ERZ3165407.33	4319	4457	Col(MG828)_1	120-258/262	......==/======	2/2	52.67	80.71	plasmidfinder	NC_008486
/home/ryder/AMR_PROJECT/assemblies/11657_5_48.fa	ERZ3165407.33	17982	18120	Col(MG828)_1	120-258/262	......==/======	2/2	52.67	80.71	plasmidfinder	NC_008486
/home/ryder/AMR_PROJECT/assemblies/11657_5_48.fa	ERZ3165407.33	18580	19152	IncFII(pCRY)_1_pCRY	19-591/593	===============	0/0	96.63	78.36	plasmidfinder	NC_005814
/home/ryder/AMR_PROJECT/assemblies/11657_5_48.fa	ERZ3165407.45	2593	2723	ColRNAI_1	1-130/130	========/======	1/1	100.00	87.79	plasmidfinder	DQ298019
/home/ryder/AMR_PROJECT/assemblies/11657_5_48.fa	ERZ3165407.47	5412	5531	ColRNAI_1	13-130/130	.=======/======	2/2	90.77	89.17	plasmidfinder	DQ298019
/home/ryder/AMR_PROJECT/assemblies/11657_5_48.fa	ERZ3165407.49	3	103	Col156_1	1-101/154	==========.....	0/0	65.58	96.04	plasmidfinder	NC_009781
/home/ryder/AMR_PROJECT/assemblies/11657_5_48.fa	ERZ3165407.49	5116	5233	Col156_1	37-154/154	...============	0/0	76.62	93.22	plasmidfinder	NC_009781
/home/ryder/AMR_PROJECT/assemblies/11657_5_48.fa	ERZ3165407.55	254	458	Col8282_1	1-205/207	===============	0/0	99.03	88.78	plasmidfinder	DQ995353
/home/ryder/AMR_PROJECT/assemblies/11657_5_48.fa	ERZ3165407.74	1047	1308	Col(MG828)_1	1-262/262	===============	0/0	100.00	94.28	plasmidfinder	NC_008486
/home/ryder/AMR_PROJECT/assemblies/11657_5_48.fa	ERZ3165407.75	1050	1311	Col(MG828)_1	1-262/262	===============	0/0	100.00	91.60	plasmidfinder	NC_008486
