#FILE	SEQUENCE	START	END	GENE	COVERAGE	COVERAGE_MAP	GAPS	%COVERAGE	%IDENTITY	DATABASE	ACCESSION
/home/ryder/AMR_PROJECT/assemblies/11657_5_24.fa	ERZ3164841.106	1032	1345	IncFIC(FII)_1	188-499/499	.....===/======	4/4	62.32	77.78	plasmidfinder	AP001918
/home/ryder/AMR_PROJECT/assemblies/11657_5_24.fa	ERZ3164841.128	1	254	IncFIC(FII)_1	1-254/499	========.......	0/0	50.90	95.28	plasmidfinder	AP001918
/home/ryder/AMR_PROJECT/assemblies/11657_5_24.fa	ERZ3164841.63	1902	2583	IncFIB(AP001918)_1	1-682/682	===============	0/0	100.00	98.39	plasmidfinder	AP001918
/home/ryder/AMR_PROJECT/assemblies/11657_5_24.fa	ERZ3164841.66	6753	6906	Col156_1	1-154/154	===============	0/0	100.00	98.70	plasmidfinder	NC_009781
/home/ryder/AMR_PROJECT/assemblies/11657_5_24.fa	ERZ3164841.69	6072	6455	IncFIA_1	5-388/388	===============	0/0	98.97	99.74	plasmidfinder	AP001918
/home/ryder/AMR_PROJECT/assemblies/11657_5_24.fa	ERZ3164841.84	3549	3660	IncFIC(FII)_1	188-299/499	.....====......	0/0	22.44	89.29	plasmidfinder	AP001918
