#FILE	SEQUENCE	START	END	GENE	COVERAGE	COVERAGE_MAP	GAPS	%COVERAGE	%IDENTITY	DATABASE	ACCESSION
/home/ryder/AMR_PROJECT/assemblies/11658_3_31.fa	ERZ3165135.42	12573	12956	IncFIA_1	5-388/388	===============	0/0	98.97	99.74	plasmidfinder	AP001918
/home/ryder/AMR_PROJECT/assemblies/11658_3_31.fa	ERZ3165135.44	20399	20659	IncFII(pRSB107)_1_pRSB107	1-261/261	===============	0/0	100.00	100.00	plasmidfinder	AJ851089
/home/ryder/AMR_PROJECT/assemblies/11658_3_31.fa	ERZ3165135.56	3706	3859	Col156_1	1-154/154	===============	0/0	100.00	98.70	plasmidfinder	NC_009781
/home/ryder/AMR_PROJECT/assemblies/11658_3_31.fa	ERZ3165135.62	633	1314	IncFIB(AP001918)_1	1-682/682	===============	0/0	100.00	98.39	plasmidfinder	AP001918
/home/ryder/AMR_PROJECT/assemblies/11658_3_31.fa	ERZ3165135.72	3930	4239	IncQ1_1	1-310/450	===========....	0/0	68.89	99.68	plasmidfinder	HE654726
/home/ryder/AMR_PROJECT/assemblies/11658_3_31.fa	ERZ3165135.74	494	624	ColRNAI_1	1-130/130	========/======	1/1	100.00	88.55	plasmidfinder	DQ298019
