#FILE	SEQUENCE	START	END	GENE	COVERAGE	COVERAGE_MAP	GAPS	%COVERAGE	%IDENTITY	DATABASE	ACCESSION
/home/ryder/AMR_PROJECT/assemblies/11658_4_63.fa	ERZ3165584.104	4266	4396	ColRNAI_1	1-130/130	========/======	1/1	100.00	87.79	plasmidfinder	DQ298019
/home/ryder/AMR_PROJECT/assemblies/11658_4_63.fa	ERZ3165584.113	100	219	ColRNAI_1	13-130/130	.=======/======	2/2	90.77	89.17	plasmidfinder	DQ298019
/home/ryder/AMR_PROJECT/assemblies/11658_4_63.fa	ERZ3165584.20	64786	64940	IncB/O/K/Z_2	1-154/160	========/======	3/3	95.62	94.87	plasmidfinder	GU256641
/home/ryder/AMR_PROJECT/assemblies/11658_4_63.fa	ERZ3165584.22	3705	3858	Col156_1	1-154/154	===============	0/0	100.00	98.70	plasmidfinder	NC_009781
/home/ryder/AMR_PROJECT/assemblies/11658_4_63.fa	ERZ3165584.22	28476	28734	IncFII(29)_1_pUTI89	1-259/259	===============	0/0	100.00	99.61	plasmidfinder	CP003035
/home/ryder/AMR_PROJECT/assemblies/11658_4_63.fa	ERZ3165584.247	215	474	Col(MG828)_1	1-262/262	========/======	5/6	98.47	85.98	plasmidfinder	NC_008486
/home/ryder/AMR_PROJECT/assemblies/11658_4_63.fa	ERZ3165584.79	8166	8847	IncFIB(AP001918)_1	1-682/682	===============	0/0	100.00	96.63	plasmidfinder	AP001918
