#FILE	SEQUENCE	START	END	GENE	COVERAGE	COVERAGE_MAP	GAPS	%COVERAGE	%IDENTITY	DATABASE	ACCESSION
/home/ryder/AMR_PROJECT/assemblies/11657_6_28.fa	ERZ3164885.24	51620	51878	IncFII(29)_1_pUTI89	1-259/259	===============	0/0	100.00	99.61	plasmidfinder	CP003035
/home/ryder/AMR_PROJECT/assemblies/11657_6_28.fa	ERZ3164885.24	70965	71118	Col156_1	1-154/154	===============	0/0	100.00	94.81	plasmidfinder	NC_009781
/home/ryder/AMR_PROJECT/assemblies/11657_6_28.fa	ERZ3164885.28	23427	24191	IncY_1	1-765/765	===============	0/0	100.00	98.69	plasmidfinder	K02380
/home/ryder/AMR_PROJECT/assemblies/11657_6_28.fa	ERZ3164885.45	5836	6517	IncFIB(AP001918)_1	1-682/682	===============	0/0	100.00	96.63	plasmidfinder	AP001918
/home/ryder/AMR_PROJECT/assemblies/11657_6_28.fa	ERZ3164885.66	100	219	ColRNAI_1	13-130/130	.=======/======	2/2	90.77	89.17	plasmidfinder	DQ298019
/home/ryder/AMR_PROJECT/assemblies/11657_6_28.fa	ERZ3164885.68	4434	4587	Col156_1	1-154/154	===============	0/0	100.00	94.81	plasmidfinder	NC_009781
