#FILE	SEQUENCE	START	END	GENE	COVERAGE	COVERAGE_MAP	GAPS	%COVERAGE	%IDENTITY	DATABASE	ACCESSION
/home/ryder/AMR_PROJECT/assemblies/11657_6_31.fa	ERZ3164993.27	36967	37851	p0111_1	1-885/885	===============	0/0	100.00	98.42	plasmidfinder	AP010962
/home/ryder/AMR_PROJECT/assemblies/11657_6_31.fa	ERZ3164993.37	14548	14935	IncFIA_1	1-388/388	===============	0/0	100.00	99.74	plasmidfinder	AP001918
/home/ryder/AMR_PROJECT/assemblies/11657_6_31.fa	ERZ3164993.47	1902	2583	IncFIB(AP001918)_1	1-682/682	===============	0/0	100.00	98.39	plasmidfinder	AP001918
/home/ryder/AMR_PROJECT/assemblies/11657_6_31.fa	ERZ3164993.52	6112	6253	Col(MG828)_1	4-156/262	========/=.....	2/11	54.20	76.47	plasmidfinder	NC_008486
/home/ryder/AMR_PROJECT/assemblies/11657_6_31.fa	ERZ3164993.52	6973	7684	IncX4_2	1-712/712	===============	0/0	100.00	100.00	plasmidfinder	FN543504
/home/ryder/AMR_PROJECT/assemblies/11657_6_31.fa	ERZ3164993.57	264	417	Col156_1	1-154/154	===============	0/0	100.00	93.51	plasmidfinder	NC_009781
