#FILE	SEQUENCE	START	END	GENE	COVERAGE	COVERAGE_MAP	GAPS	%COVERAGE	%IDENTITY	DATABASE	ACCESSION
/home/ryder/AMR_PROJECT/assemblies/11658_3_19.fa	ERZ3164872.28	40147	40405	IncFII(29)_1_pUTI89	1-259/259	===============	0/0	100.00	99.61	plasmidfinder	CP003035
/home/ryder/AMR_PROJECT/assemblies/11658_3_19.fa	ERZ3164872.30	39819	39960	IncI1_1_Alpha	1-142/142	===============	0/0	100.00	99.30	plasmidfinder	AP005147
/home/ryder/AMR_PROJECT/assemblies/11658_3_19.fa	ERZ3164872.47	1024	1705	IncFIB(AP001918)_1	1-682/682	===============	0/0	100.00	96.48	plasmidfinder	AP001918
/home/ryder/AMR_PROJECT/assemblies/11658_3_19.fa	ERZ3164872.50	7295	7448	Col156_1	1-154/154	===============	0/0	100.00	98.70	plasmidfinder	NC_009781
/home/ryder/AMR_PROJECT/assemblies/11658_3_19.fa	ERZ3164872.62	1101	1231	ColRNAI_1	1-130/130	========/======	1/1	100.00	86.26	plasmidfinder	DQ298019
