#FILE	SEQUENCE	START	END	GENE	COVERAGE	COVERAGE_MAP	GAPS	%COVERAGE	%IDENTITY	DATABASE	ACCESSION
/home/ryder/AMR_PROJECT/assemblies/11658_3_66.fa	ERZ3165903.55	15465	16146	IncFIB(AP001918)_1	1-682/682	===============	0/0	100.00	97.65	plasmidfinder	AP001918
/home/ryder/AMR_PROJECT/assemblies/11658_3_66.fa	ERZ3165903.57	13445	13832	IncFIA_1	1-388/388	===============	0/0	100.00	99.74	plasmidfinder	AP001918
/home/ryder/AMR_PROJECT/assemblies/11658_3_66.fa	ERZ3165903.82	4767	5027	IncFII(pRSB107)_1_pRSB107	1-261/261	===============	0/0	100.00	100.00	plasmidfinder	AJ851089
/home/ryder/AMR_PROJECT/assemblies/11658_3_66.fa	ERZ3165903.85	141	590	IncQ1_1	1-450/450	===============	0/0	100.00	100.00	plasmidfinder	HE654726
/home/ryder/AMR_PROJECT/assemblies/11658_3_66.fa	ERZ3165903.95	126	384	Col(MG828)_1	1-260/262	========/======	1/1	98.85	95.00	plasmidfinder	NC_008486
/home/ryder/AMR_PROJECT/assemblies/11658_3_66.fa	ERZ3165903.95	2915	3128	Col(MG828)_1	46-260/262	..======/======	1/1	81.68	94.42	plasmidfinder	NC_008486
