#FILE	SEQUENCE	START	END	GENE	COVERAGE	COVERAGE_MAP	GAPS	%COVERAGE	%IDENTITY	DATABASE	ACCESSION
/home/ryder/AMR_PROJECT/assemblies/11657_5_76.fa	ERZ3165904.102	5775	5905	ColRNAI_1	1-130/130	========/======	1/1	100.00	88.55	plasmidfinder	DQ298019
/home/ryder/AMR_PROJECT/assemblies/11657_5_76.fa	ERZ3165904.109	1023	1176	Col156_1	1-154/154	===============	0/0	100.00	94.81	plasmidfinder	NC_009781
/home/ryder/AMR_PROJECT/assemblies/11657_5_76.fa	ERZ3165904.112	691	810	ColRNAI_1	13-130/130	.=======/======	2/2	90.77	89.17	plasmidfinder	DQ298019
/home/ryder/AMR_PROJECT/assemblies/11657_5_76.fa	ERZ3165904.121	2182	2333	Col156_1	1-152/154	===============	0/0	98.70	98.03	plasmidfinder	NC_009781
/home/ryder/AMR_PROJECT/assemblies/11657_5_76.fa	ERZ3165904.144	1806	2065	Col(MG828)_1	1-262/262	========/======	5/6	98.47	85.98	plasmidfinder	NC_008486
/home/ryder/AMR_PROJECT/assemblies/11657_5_76.fa	ERZ3165904.36	40272	40533	IncFII(pRSB107)_1_pRSB107	1-261/261	========/======	1/1	100.00	96.18	plasmidfinder	AJ851089
/home/ryder/AMR_PROJECT/assemblies/11657_5_76.fa	ERZ3165904.39	7504	7658	IncB/O/K/Z_2	1-154/160	========/======	1/1	96.25	95.48	plasmidfinder	GU256641
