#FILE	SEQUENCE	START	END	GENE	COVERAGE	COVERAGE_MAP	GAPS	%COVERAGE	%IDENTITY	DATABASE	ACCESSION
/home/ryder/AMR_PROJECT/assemblies/11658_4_72.fa	ERZ3165820.21	79995	80233	pENTAS02_1	648-886/979	......../.====.	2/2	24.31	75.83	plasmidfinder	CP003028
/home/ryder/AMR_PROJECT/assemblies/11658_4_72.fa	ERZ3165820.36	8056	8355	IncFIC(FII)_1	1-299/499	========/=.....	1/1	59.92	90.67	plasmidfinder	AP001918
/home/ryder/AMR_PROJECT/assemblies/11658_4_72.fa	ERZ3165820.66	6140	6523	IncFIA_1	5-388/388	===============	0/0	98.97	100.00	plasmidfinder	AP001918
/home/ryder/AMR_PROJECT/assemblies/11658_4_72.fa	ERZ3165820.69	6201	6882	IncFIB(AP001918)_1	1-682/682	===============	0/0	100.00	98.09	plasmidfinder	AP001918
