#FILE	SEQUENCE	START	END	GENE	COVERAGE	COVERAGE_MAP	GAPS	%COVERAGE	%IDENTITY	DATABASE	ACCESSION
/home/ryder/AMR_PROJECT/assemblies/11658_3_43.fa	ERZ3165617.21	24290	25174	p0111_1	1-885/885	===============	0/0	100.00	98.64	plasmidfinder	AP010962
/home/ryder/AMR_PROJECT/assemblies/11658_3_43.fa	ERZ3165617.26	7259	7519	IncFII_1	1-261/261	===============	0/0	100.00	100.00	plasmidfinder	AY458016
/home/ryder/AMR_PROJECT/assemblies/11658_3_43.fa	ERZ3165617.56	1902	2583	IncFIB(AP001918)_1	1-682/682	===============	0/0	100.00	98.39	plasmidfinder	AP001918
/home/ryder/AMR_PROJECT/assemblies/11658_3_43.fa	ERZ3165617.76	2725	2981	Col(MG828)_1	3-262/262	========/======	2/3	98.09	86.15	plasmidfinder	NC_008486
/home/ryder/AMR_PROJECT/assemblies/11658_3_43.fa	ERZ3165617.76	4347	4457	ColRNAI_1	19-128/130	..======/======	3/3	83.85	84.82	plasmidfinder	DQ298019
/home/ryder/AMR_PROJECT/assemblies/11658_3_43.fa	ERZ3165617.78	142	591	IncQ1_1	1-450/450	===============	0/0	100.00	100.00	plasmidfinder	HE654726
