#FILE	SEQUENCE	START	END	GENE	COVERAGE	COVERAGE_MAP	GAPS	%COVERAGE	%IDENTITY	DATABASE	ACCESSION
/home/ryder/AMR_PROJECT/assemblies/11658_3_37.fa	ERZ3165470.108	141	590	IncQ1_1	1-450/450	===============	0/0	100.00	100.00	plasmidfinder	HE654726
/home/ryder/AMR_PROJECT/assemblies/11658_3_37.fa	ERZ3165470.113	24	282	Col(MG828)_1	1-260/262	========/======	1/1	98.85	95.00	plasmidfinder	NC_008486
/home/ryder/AMR_PROJECT/assemblies/11658_3_37.fa	ERZ3165470.164	20	212	Col(BS512)_1__NC_010656_dupe	1-193/193	===============	0/0	100.00	100.00	plasmidfinder	
/home/ryder/AMR_PROJECT/assemblies/11658_3_37.fa	ERZ3165470.164	284	516	Col(BS512)_1	1-233/233	===============	0/0	100.00	100.00	plasmidfinder	NC_010656
/home/ryder/AMR_PROJECT/assemblies/11658_3_37.fa	ERZ3165470.28	1807	1966	IncB/O/K/Z_2	1-160/160	===============	0/0	100.00	100.00	plasmidfinder	GU256641
/home/ryder/AMR_PROJECT/assemblies/11658_3_37.fa	ERZ3165470.45	3433	3820	IncFIA_1	1-388/388	===============	0/0	100.00	99.74	plasmidfinder	AP001918
/home/ryder/AMR_PROJECT/assemblies/11658_3_37.fa	ERZ3165470.65	1937	2618	IncFIB(AP001918)_1	1-682/682	===============	0/0	100.00	97.65	plasmidfinder	AP001918
/home/ryder/AMR_PROJECT/assemblies/11658_3_37.fa	ERZ3165470.76	3624	3884	IncFII(pRSB107)_1_pRSB107	1-261/261	===============	0/0	100.00	100.00	plasmidfinder	AJ851089
