#FILE	SEQUENCE	START	END	GENE	COVERAGE	COVERAGE_MAP	GAPS	%COVERAGE	%IDENTITY	DATABASE	ACCESSION
/home/ryder/AMR_PROJECT/assemblies/11657_5_33.fa	ERZ3164987.32	6065	6362	IncFIC(FII)_1	1-299/499	========/=.....	1/1	59.72	91.64	plasmidfinder	AP001918
/home/ryder/AMR_PROJECT/assemblies/11657_5_33.fa	ERZ3164987.51	5085	5447	IncFIA_1	26-388/388	.==============	0/0	93.56	99.17	plasmidfinder	AP001918
/home/ryder/AMR_PROJECT/assemblies/11657_5_33.fa	ERZ3164987.59	3367	4048	IncFIB(AP001918)_1	1-682/682	===============	0/0	100.00	97.80	plasmidfinder	AP001918
/home/ryder/AMR_PROJECT/assemblies/11657_5_33.fa	ERZ3164987.64	1034	1407	IncX4_1	1-374/374	===============	0/0	100.00	100.00	plasmidfinder	CP002895
/home/ryder/AMR_PROJECT/assemblies/11657_5_33.fa	ERZ3164987.65	5627	5757	ColRNAI_1	1-130/130	========/======	1/1	100.00	86.26	plasmidfinder	DQ298019
