#FILE	SEQUENCE	START	END	GENE	COVERAGE	COVERAGE_MAP	GAPS	%COVERAGE	%IDENTITY	DATABASE	ACCESSION
/home/ryder/AMR_PROJECT/assemblies/11657_7_43.fa	ERZ3165335.121	368	626	Col(MG828)_1	1-260/262	========/======	1/1	98.85	95.77	plasmidfinder	NC_008486
/home/ryder/AMR_PROJECT/assemblies/11657_7_43.fa	ERZ3165335.33	6510	6669	IncB/O/K/Z_2	1-160/160	===============	0/0	100.00	100.00	plasmidfinder	GU256641
/home/ryder/AMR_PROJECT/assemblies/11657_7_43.fa	ERZ3165335.40	13713	13971	IncFII(29)_1_pUTI89	1-259/259	===============	0/0	100.00	99.61	plasmidfinder	CP003035
/home/ryder/AMR_PROJECT/assemblies/11657_7_43.fa	ERZ3165335.57	9711	9864	Col156_1	1-154/154	===============	0/0	100.00	98.70	plasmidfinder	NC_009781
/home/ryder/AMR_PROJECT/assemblies/11657_7_43.fa	ERZ3165335.69	1024	1705	IncFIB(AP001918)_1	1-682/682	===============	0/0	100.00	96.63	plasmidfinder	AP001918
/home/ryder/AMR_PROJECT/assemblies/11657_7_43.fa	ERZ3165335.75	1033	1152	ColRNAI_1	13-130/130	.=======/======	2/2	90.77	89.17	plasmidfinder	DQ298019
