#FILE	SEQUENCE	START	END	GENE	COVERAGE	COVERAGE_MAP	GAPS	%COVERAGE	%IDENTITY	DATABASE	ACCESSION
/home/ryder/AMR_PROJECT/assemblies/11657_7_18.fa	ERZ3164676.23	72348	72483	IncI1_1_Alpha	1-136/142	===============	0/0	95.77	93.38	plasmidfinder	AP005147
/home/ryder/AMR_PROJECT/assemblies/11657_7_18.fa	ERZ3164676.29	40561	40876	IncI2_1_Delta	1-316/316	===============	0/0	100.00	98.42	plasmidfinder	AP002527
/home/ryder/AMR_PROJECT/assemblies/11657_7_18.fa	ERZ3164676.32	5217	5513	IncFIC(FII)_1	1-299/499	========/=.....	1/2	59.52	90.97	plasmidfinder	AP001918
/home/ryder/AMR_PROJECT/assemblies/11657_7_18.fa	ERZ3164676.52	3529	3912	IncFIA_1	5-388/388	===============	0/0	98.97	100.00	plasmidfinder	AP001918
/home/ryder/AMR_PROJECT/assemblies/11657_7_18.fa	ERZ3164676.52	10337	10979	IncFIB(pB171)_1_pB171	1-643/643	===============	0/0	100.00	99.38	plasmidfinder	AB024946
