#FILE	SEQUENCE	START	END	GENE	COVERAGE	COVERAGE_MAP	GAPS	%COVERAGE	%IDENTITY	DATABASE	ACCESSION
/home/ryder/AMR_PROJECT/assemblies/11658_4_92.fa	ERZ3166122.19	66422	67186	IncY_1	1-765/765	===============	0/0	100.00	98.95	plasmidfinder	K02380
/home/ryder/AMR_PROJECT/assemblies/11658_4_92.fa	ERZ3166122.38	3433	3820	IncFIA_1	1-388/388	===============	0/0	100.00	99.74	plasmidfinder	AP001918
/home/ryder/AMR_PROJECT/assemblies/11658_4_92.fa	ERZ3166122.38	21408	22050	IncFIB(pB171)_1_pB171	1-643/643	===============	0/0	100.00	99.22	plasmidfinder	AB024946
/home/ryder/AMR_PROJECT/assemblies/11658_4_92.fa	ERZ3166122.65	3930	4379	IncQ1_1	1-450/450	===============	0/0	100.00	100.00	plasmidfinder	HE654726
