#FILE	SEQUENCE	START	END	GENE	COVERAGE	COVERAGE_MAP	GAPS	%COVERAGE	%IDENTITY	DATABASE	ACCESSION
/home/ryder/AMR_PROJECT/assemblies/11657_7_70.fa	ERZ3165814.26	11546	11704	IncB/O/K/Z_2	1-158/160	========/======	2/3	98.12	95.00	plasmidfinder	GU256641
/home/ryder/AMR_PROJECT/assemblies/11657_7_70.fa	ERZ3165814.31	3326	3885	IncFIB(pKPHS1)_1_pKPHS1	1-560/560	========/======	4/8	99.29	76.06	plasmidfinder	CP003223
/home/ryder/AMR_PROJECT/assemblies/11657_7_70.fa	ERZ3165814.33	4863	5123	IncFII_1	1-261/261	===============	0/0	100.00	100.00	plasmidfinder	AY458016
/home/ryder/AMR_PROJECT/assemblies/11657_7_70.fa	ERZ3165814.60	4252	4639	IncFIA_1	1-388/388	===============	0/0	100.00	99.74	plasmidfinder	AP001918
/home/ryder/AMR_PROJECT/assemblies/11657_7_70.fa	ERZ3165814.73	3690	3891	Col8282_1	4-205/207	===============	0/0	97.58	89.60	plasmidfinder	DQ995353
/home/ryder/AMR_PROJECT/assemblies/11657_7_70.fa	ERZ3165814.75	2295	2425	ColRNAI_1	1-130/130	========/======	1/1	100.00	88.55	plasmidfinder	DQ298019
/home/ryder/AMR_PROJECT/assemblies/11657_7_70.fa	ERZ3165814.98	203	464	Col(MG828)_1	1-262/262	===============	0/0	100.00	93.51	plasmidfinder	NC_008486
