#FILE	SEQUENCE	START	END	GENE	COVERAGE	COVERAGE_MAP	GAPS	%COVERAGE	%IDENTITY	DATABASE	ACCESSION
/home/ryder/AMR_PROJECT/assemblies/11658_3_84.fa	ERZ3166105.130	3745	3875	ColRNAI_1	1-130/130	========/======	1/1	100.00	88.55	plasmidfinder	DQ298019
/home/ryder/AMR_PROJECT/assemblies/11658_3_84.fa	ERZ3166105.175	2215	2407	Col(MP18)_1	1-193/193	===============	0/0	100.00	99.48	plasmidfinder	NC_013652
/home/ryder/AMR_PROJECT/assemblies/11658_3_84.fa	ERZ3166105.188	1216	1448	Col(BS512)_1	1-233/233	===============	0/0	100.00	100.00	plasmidfinder	NC_010656
/home/ryder/AMR_PROJECT/assemblies/11658_3_84.fa	ERZ3166105.188	1520	1712	Col(BS512)_1__NC_010656_dupe	1-193/193	===============	0/0	100.00	100.00	plasmidfinder	
/home/ryder/AMR_PROJECT/assemblies/11658_3_84.fa	ERZ3166105.202	1195	1349	IncB/O/K/Z_2	1-154/160	========/======	3/3	95.62	94.87	plasmidfinder	GU256641
/home/ryder/AMR_PROJECT/assemblies/11658_3_84.fa	ERZ3166105.238	261	409	IncB/O/K/Z_1	1-149/151	===============	0/0	98.68	95.30	plasmidfinder	CU928147
