#FILE	SEQUENCE	START	END	GENE	COVERAGE	COVERAGE_MAP	GAPS	%COVERAGE	%IDENTITY	DATABASE	ACCESSION
/home/ryder/AMR_PROJECT/assemblies/11658_4_16.fa	ERZ3164488.25	62739	62880	IncI1_1_Alpha	1-142/142	===============	0/0	100.00	100.00	plasmidfinder	AP005147
/home/ryder/AMR_PROJECT/assemblies/11658_4_16.fa	ERZ3164488.32	1519	1790	IncFIC(FII)_1	1-271/499	========/......	1/1	54.31	95.96	plasmidfinder	AP001918
/home/ryder/AMR_PROJECT/assemblies/11658_4_16.fa	ERZ3164488.46	14733	15414	IncFIB(AP001918)_1	1-682/682	===============	0/0	100.00	98.39	plasmidfinder	AP001918
/home/ryder/AMR_PROJECT/assemblies/11658_4_16.fa	ERZ3164488.49	140	589	IncQ1_1	1-450/450	===============	0/0	100.00	100.00	plasmidfinder	HE654726
