#FILE	SEQUENCE	START	END	GENE	COVERAGE	COVERAGE_MAP	GAPS	%COVERAGE	%IDENTITY	DATABASE	ACCESSION
/home/ryder/AMR_PROJECT/assemblies/11657_6_61.fa	ERZ3165711.104	958	1217	Col(MG828)_1	1-260/262	===============	0/0	99.24	95.00	plasmidfinder	NC_008486
/home/ryder/AMR_PROJECT/assemblies/11657_6_61.fa	ERZ3165711.31	43259	43755	IncFIC(FII)_1	1-499/499	========/======	1/2	99.60	95.59	plasmidfinder	AP001918
/home/ryder/AMR_PROJECT/assemblies/11657_6_61.fa	ERZ3165711.33	27260	28144	p0111_1	1-885/885	===============	0/0	100.00	98.87	plasmidfinder	AP010962
/home/ryder/AMR_PROJECT/assemblies/11657_6_61.fa	ERZ3165711.42	1901	2582	IncFIB(AP001918)_1	1-682/682	===============	0/0	100.00	98.39	plasmidfinder	AP001918
