#FILE	SEQUENCE	START	END	GENE	COVERAGE	COVERAGE_MAP	GAPS	%COVERAGE	%IDENTITY	DATABASE	ACCESSION
/home/ryder/AMR_PROJECT/assemblies/11657_6_95.fa	ERZ3166301.24	24516	25400	p0111_1	1-885/885	===============	0/0	100.00	98.19	plasmidfinder	AP010962
/home/ryder/AMR_PROJECT/assemblies/11657_6_95.fa	ERZ3166301.26	7259	7519	IncFII_1	1-261/261	===============	0/0	100.00	100.00	plasmidfinder	AY458016
/home/ryder/AMR_PROJECT/assemblies/11657_6_95.fa	ERZ3166301.55	8259	8940	IncFIB(AP001918)_1	1-682/682	===============	0/0	100.00	98.39	plasmidfinder	AP001918
/home/ryder/AMR_PROJECT/assemblies/11657_6_95.fa	ERZ3166301.66	5543	5673	ColRNAI_1	1-130/130	========/======	1/1	100.00	88.55	plasmidfinder	DQ298019
/home/ryder/AMR_PROJECT/assemblies/11657_6_95.fa	ERZ3166301.75	254	458	Col8282_1	1-205/207	===============	0/0	99.03	89.27	plasmidfinder	DQ995353
/home/ryder/AMR_PROJECT/assemblies/11657_6_95.fa	ERZ3166301.79	1445	1565	ColRNAI_1	11-130/130	.=======/======	1/1	92.31	84.30	plasmidfinder	DQ298019
/home/ryder/AMR_PROJECT/assemblies/11657_6_95.fa	ERZ3166301.97	213	474	Col(MG828)_1	1-262/262	===============	0/0	100.00	93.89	plasmidfinder	NC_008486
