#FILE	SEQUENCE	START	END	GENE	COVERAGE	COVERAGE_MAP	GAPS	%COVERAGE	%IDENTITY	DATABASE	ACCESSION
/home/ryder/AMR_PROJECT/assemblies/11658_4_18.fa	ERZ3164523.48	1461	1721	IncFII_1	1-261/261	===============	0/0	100.00	100.00	plasmidfinder	AY458016
/home/ryder/AMR_PROJECT/assemblies/11658_4_18.fa	ERZ3164523.63	4251	4638	IncFIA_1	1-388/388	===============	0/0	100.00	99.74	plasmidfinder	AP001918
/home/ryder/AMR_PROJECT/assemblies/11658_4_18.fa	ERZ3164523.73	254	458	Col8282_1	1-205/207	===============	0/0	99.03	88.78	plasmidfinder	DQ995353
/home/ryder/AMR_PROJECT/assemblies/11658_4_18.fa	ERZ3164523.89	345	606	Col(MG828)_1	1-262/262	===============	0/0	100.00	93.13	plasmidfinder	NC_008486
/home/ryder/AMR_PROJECT/assemblies/11658_4_18.fa	ERZ3164523.89	1800	2061	Col(MG828)_1	1-262/262	===============	0/0	100.00	92.75	plasmidfinder	NC_008486
