#FILE	SEQUENCE	START	END	GENE	COVERAGE	COVERAGE_MAP	GAPS	%COVERAGE	%IDENTITY	DATABASE	ACCESSION
/home/ryder/AMR_PROJECT/assemblies/11658_3_4.fa	ERZ3164586.106	889	973	ColRNAI_1	47-130/130	.....===/======	1/1	64.62	87.06	plasmidfinder	DQ298019
/home/ryder/AMR_PROJECT/assemblies/11658_3_4.fa	ERZ3164586.32	8404	8777	IncX1_1	1-374/374	===============	0/0	100.00	98.66	plasmidfinder	EU370913
/home/ryder/AMR_PROJECT/assemblies/11658_3_4.fa	ERZ3164586.32	9424	9766	IncX3_1	37-374/374	.=======/======	4/5	90.37	80.17	plasmidfinder	JN247852
/home/ryder/AMR_PROJECT/assemblies/11658_3_4.fa	ERZ3164586.56	6601	6731	ColRNAI_1	1-130/130	========/======	1/1	100.00	90.08	plasmidfinder	DQ298019
/home/ryder/AMR_PROJECT/assemblies/11658_3_4.fa	ERZ3164586.82	214	475	Col(MG828)_1	1-262/262	===============	0/0	100.00	93.51	plasmidfinder	NC_008486
