#FILE	SEQUENCE	START	END	GENE	COVERAGE	COVERAGE_MAP	GAPS	%COVERAGE	%IDENTITY	DATABASE	ACCESSION
/home/ryder/AMR_PROJECT/assemblies/11658_3_46.fa	ERZ3165679.62	974	1104	ColRNAI_1	1-130/130	========/======	1/1	100.00	88.55	plasmidfinder	DQ298019
/home/ryder/AMR_PROJECT/assemblies/11658_3_46.fa	ERZ3165679.65	502	632	ColRNAI_1	1-130/130	========/======	1/1	100.00	83.21	plasmidfinder	DQ298019
/home/ryder/AMR_PROJECT/assemblies/11658_3_46.fa	ERZ3165679.65	1370	1472	Col(MGD2)_1	1-103/136	============...	0/0	75.74	84.47	plasmidfinder	NC_003789
/home/ryder/AMR_PROJECT/assemblies/11658_3_46.fa	ERZ3165679.67	1389	1542	Col156_1	1-154/154	===============	0/0	100.00	91.56	plasmidfinder	NC_009781
/home/ryder/AMR_PROJECT/assemblies/11658_3_46.fa	ERZ3165679.68	1033	1152	ColRNAI_1	13-130/130	.=======/======	2/2	90.77	89.17	plasmidfinder	DQ298019
/home/ryder/AMR_PROJECT/assemblies/11658_3_46.fa	ERZ3165679.87	856	1117	Col(MG828)_1	1-262/262	===============	0/0	100.00	94.28	plasmidfinder	NC_008486
