#FILE	SEQUENCE	START	END	GENE	COVERAGE	COVERAGE_MAP	GAPS	%COVERAGE	%IDENTITY	DATABASE	ACCESSION
/home/ryder/AMR_PROJECT/assemblies/11658_4_78.fa	ERZ3165909.107	1	85	ColRNAI_1	47-130/130	.....===/======	1/1	64.62	88.23	plasmidfinder	DQ298019
/home/ryder/AMR_PROJECT/assemblies/11658_4_78.fa	ERZ3165909.111	3564	3683	ColRNAI_1	13-130/130	.=======/======	2/2	90.77	89.17	plasmidfinder	DQ298019
/home/ryder/AMR_PROJECT/assemblies/11658_4_78.fa	ERZ3165909.115	3695	3899	Col8282_1	1-205/207	===============	0/0	99.03	89.27	plasmidfinder	DQ995353
/home/ryder/AMR_PROJECT/assemblies/11658_4_78.fa	ERZ3165909.119	1	85	ColRNAI_1	47-130/130	.....===/======	1/1	64.62	87.06	plasmidfinder	DQ298019
/home/ryder/AMR_PROJECT/assemblies/11658_4_78.fa	ERZ3165909.124	1	104	ColRNAI_1	25-128/130	..=============	0/0	80.00	88.46	plasmidfinder	DQ298019
/home/ryder/AMR_PROJECT/assemblies/11658_4_78.fa	ERZ3165909.124	3182	3293	ColRNAI_1	1-112/130	=============..	0/0	86.15	90.18	plasmidfinder	DQ298019
/home/ryder/AMR_PROJECT/assemblies/11658_4_78.fa	ERZ3165909.141	502	694	Col(BS512)_1__NC_010656_dupe	1-193/193	===============	0/0	100.00	100.00	plasmidfinder	
/home/ryder/AMR_PROJECT/assemblies/11658_4_78.fa	ERZ3165909.141	766	998	Col(BS512)_1	1-233/233	===============	0/0	100.00	100.00	plasmidfinder	NC_010656
/home/ryder/AMR_PROJECT/assemblies/11658_4_78.fa	ERZ3165909.144	1	333	IncFIC(FII)_1	167-499/499	.....==========	0/0	66.73	96.40	plasmidfinder	AP001918
/home/ryder/AMR_PROJECT/assemblies/11658_4_78.fa	ERZ3165909.64	10443	10704	IncFII(pRSB107)_1_pRSB107	1-261/261	========/======	1/1	100.00	96.18	plasmidfinder	AJ851089
/home/ryder/AMR_PROJECT/assemblies/11658_4_78.fa	ERZ3165909.92	5257	5410	Col156_1	1-154/154	===============	0/0	100.00	94.81	plasmidfinder	NC_009781
/home/ryder/AMR_PROJECT/assemblies/11658_4_78.fa	ERZ3165909.99	4194	4875	IncFIB(AP001918)_1	1-682/682	===============	0/0	100.00	96.92	plasmidfinder	AP001918
