#FILE	SEQUENCE	START	END	GENE	COVERAGE	COVERAGE_MAP	GAPS	%COVERAGE	%IDENTITY	DATABASE	ACCESSION
/home/ryder/AMR_PROJECT/assemblies/11657_7_75.fa	ERZ3165852.16	86967	87108	IncI1_1_Alpha	1-142/142	===============	0/0	100.00	100.00	plasmidfinder	AP005147
/home/ryder/AMR_PROJECT/assemblies/11657_7_75.fa	ERZ3165852.36	611	1605	pSL483_1	1-995/995	===============	0/0	100.00	92.06	plasmidfinder	CP001137
/home/ryder/AMR_PROJECT/assemblies/11657_7_75.fa	ERZ3165852.57	975	1105	ColRNAI_1	1-130/130	========/======	1/1	100.00	88.55	plasmidfinder	DQ298019
/home/ryder/AMR_PROJECT/assemblies/11657_7_75.fa	ERZ3165852.62	1683	1836	Col156_1	1-154/154	===============	0/0	100.00	94.81	plasmidfinder	NC_009781
