#FILE	SEQUENCE	START	END	GENE	COVERAGE	COVERAGE_MAP	GAPS	%COVERAGE	%IDENTITY	DATABASE	ACCESSION
/home/ryder/AMR_PROJECT/assemblies/11658_4_48.fa	ERZ3165324.13	64443	65421	pENTAS02_1	1-979/979	===============	0/0	100.00	96.02	plasmidfinder	CP003028
/home/ryder/AMR_PROJECT/assemblies/11658_4_48.fa	ERZ3165324.39	12422	13103	IncFIB(AP001918)_1	1-682/682	===============	0/0	100.00	96.63	plasmidfinder	AP001918
/home/ryder/AMR_PROJECT/assemblies/11658_4_48.fa	ERZ3165324.54	3524	3762	IncFII_1_pKP91	1-230/230	========/======	4/9	100.00	87.87	plasmidfinder	CP000966
/home/ryder/AMR_PROJECT/assemblies/11658_4_48.fa	ERZ3165324.57	1136	1329	Col(Ye4449)_1	1-194/194	===============	0/0	100.00	78.35	plasmidfinder	FJ696405
/home/ryder/AMR_PROJECT/assemblies/11658_4_48.fa	ERZ3165324.57	3590	3690	Col(MGD2)_1	1-101/136	============...	0/0	74.26	86.14	plasmidfinder	NC_003789
/home/ryder/AMR_PROJECT/assemblies/11658_4_48.fa	ERZ3165324.72	1959	2472	IncN_1	1-514/514	===============	0/0	100.00	99.42	plasmidfinder	AY046276
/home/ryder/AMR_PROJECT/assemblies/11658_4_48.fa	ERZ3165324.83	429	687	IncFII(29)_1_pUTI89	1-259/259	===============	0/0	100.00	99.61	plasmidfinder	CP003035
/home/ryder/AMR_PROJECT/assemblies/11658_4_48.fa	ERZ3165324.95	842	1101	IncFII(pCoo)_1_pCoo	1-262/262	========/======	2/4	98.85	95.06	plasmidfinder	CR942285
