#FILE	SEQUENCE	START	END	GENE	COVERAGE	COVERAGE_MAP	GAPS	%COVERAGE	%IDENTITY	DATABASE	ACCESSION
/home/ryder/AMR_PROJECT/assemblies/11657_5_11.fa	ERZ3164564.100	124	385	Col(MG828)_1	1-262/262	===============	0/0	100.00	93.51	plasmidfinder	NC_008486
/home/ryder/AMR_PROJECT/assemblies/11657_5_11.fa	ERZ3164564.103	128	385	Col(MG828)_1	1-258/262	===============	0/0	98.47	94.19	plasmidfinder	NC_008486
/home/ryder/AMR_PROJECT/assemblies/11657_5_11.fa	ERZ3164564.30	51875	52190	IncI2_1_Delta	1-316/316	===============	0/0	100.00	98.42	plasmidfinder	AP002527
/home/ryder/AMR_PROJECT/assemblies/11657_5_11.fa	ERZ3164564.32	38099	38359	IncFII_1	1-261/261	===============	0/0	100.00	100.00	plasmidfinder	AY458016
/home/ryder/AMR_PROJECT/assemblies/11657_5_11.fa	ERZ3164564.62	4252	4639	IncFIA_1	1-388/388	===============	0/0	100.00	99.74	plasmidfinder	AP001918
/home/ryder/AMR_PROJECT/assemblies/11657_5_11.fa	ERZ3164564.66	5682	6195	IncN_1	1-514/514	===============	0/0	100.00	99.22	plasmidfinder	AY046276
/home/ryder/AMR_PROJECT/assemblies/11657_5_11.fa	ERZ3164564.68	3001	3154	Col156_1	1-154/154	===============	0/0	100.00	94.81	plasmidfinder	NC_009781
/home/ryder/AMR_PROJECT/assemblies/11657_5_11.fa	ERZ3164564.70	1584	1703	ColRNAI_1	13-130/130	.=======/======	2/2	90.77	89.17	plasmidfinder	DQ298019
/home/ryder/AMR_PROJECT/assemblies/11657_5_11.fa	ERZ3164564.73	3901	4031	ColRNAI_1	1-130/130	========/======	1/1	100.00	90.08	plasmidfinder	DQ298019
/home/ryder/AMR_PROJECT/assemblies/11657_5_11.fa	ERZ3164564.98	889	1019	ColRNAI_1	1-130/130	========/======	1/1	100.00	89.31	plasmidfinder	DQ298019
