#FILE	SEQUENCE	START	END	GENE	COVERAGE	COVERAGE_MAP	GAPS	%COVERAGE	%IDENTITY	DATABASE	ACCESSION
/home/ryder/AMR_PROJECT/assemblies/11658_3_56.fa	ERZ3165755.38	18319	19000	IncFIB(AP001918)_1	1-682/682	===============	0/0	100.00	97.65	plasmidfinder	AP001918
/home/ryder/AMR_PROJECT/assemblies/11658_3_56.fa	ERZ3165755.41	4023	4410	IncFIA_1	1-388/388	===============	0/0	100.00	99.74	plasmidfinder	AP001918
/home/ryder/AMR_PROJECT/assemblies/11658_3_56.fa	ERZ3165755.63	3551	3655	IncFIC(FII)_1	196-299/499	.....===/=.....	1/1	20.84	87.62	plasmidfinder	AP001918
/home/ryder/AMR_PROJECT/assemblies/11658_3_56.fa	ERZ3165755.80	1032	1337	IncFIC(FII)_1	196-499/499	.....===/======	4/4	60.72	77.20	plasmidfinder	AP001918
/home/ryder/AMR_PROJECT/assemblies/11658_3_56.fa	ERZ3165755.93	1	262	IncFIC(FII)_1	1-261/499	========/......	1/1	52.30	95.42	plasmidfinder	AP001918
