#FILE	SEQUENCE	START	END	GENE	COVERAGE	COVERAGE_MAP	GAPS	%COVERAGE	%IDENTITY	DATABASE	ACCESSION
/home/ryder/AMR_PROJECT/assemblies/11657_7_65.fa	ERZ3165729.19	66032	66916	p0111_1	1-885/885	===============	0/0	100.00	98.64	plasmidfinder	AP010962
/home/ryder/AMR_PROJECT/assemblies/11657_7_65.fa	ERZ3165729.46	14405	14789	IncFIA_1	4-388/388	===============	0/0	99.23	99.48	plasmidfinder	AP001918
/home/ryder/AMR_PROJECT/assemblies/11657_7_65.fa	ERZ3165729.50	13438	14119	IncFIB(AP001918)_1	1-682/682	===============	0/0	100.00	98.39	plasmidfinder	AP001918
/home/ryder/AMR_PROJECT/assemblies/11657_7_65.fa	ERZ3165729.64	5543	5673	ColRNAI_1	1-130/130	========/======	1/1	100.00	88.55	plasmidfinder	DQ298019
/home/ryder/AMR_PROJECT/assemblies/11657_7_65.fa	ERZ3165729.91	1077	1338	Col(MG828)_1	1-262/262	===============	0/0	100.00	91.98	plasmidfinder	NC_008486
