#FILE	SEQUENCE	START	END	GENE	COVERAGE	COVERAGE_MAP	GAPS	%COVERAGE	%IDENTITY	DATABASE	ACCESSION
/home/ryder/AMR_PROJECT/assemblies/11658_3_20.fa	ERZ3164874.113	377	628	Col(MG828)_1	1-252/262	===============	0/0	96.18	93.25	plasmidfinder	NC_008486
/home/ryder/AMR_PROJECT/assemblies/11658_3_20.fa	ERZ3164874.35	1830	2101	IncFIC(FII)_1	1-271/499	========/......	1/1	54.31	95.59	plasmidfinder	AP001918
/home/ryder/AMR_PROJECT/assemblies/11658_3_20.fa	ERZ3164874.49	14478	14629	Col(MG828)_1	109-257/262	.....===/======	3/3	56.87	77.63	plasmidfinder	NC_008486
/home/ryder/AMR_PROJECT/assemblies/11658_3_20.fa	ERZ3164874.49	15098	15670	IncFII(pCRY)_1_pCRY	19-591/593	===============	0/0	96.63	79.06	plasmidfinder	NC_005814
/home/ryder/AMR_PROJECT/assemblies/11658_3_20.fa	ERZ3164874.62	7420	8101	IncFIB(AP001918)_1	1-682/682	===============	0/0	100.00	98.39	plasmidfinder	AP001918
