#FILE	SEQUENCE	START	END	GENE	COVERAGE	COVERAGE_MAP	GAPS	%COVERAGE	%IDENTITY	DATABASE	ACCESSION
/home/ryder/AMR_PROJECT/assemblies/11658_5_29.fa	ERZ3164469.28	40189	40447	IncFII(29)_1_pUTI89	1-259/259	===============	0/0	100.00	99.61	plasmidfinder	CP003035
/home/ryder/AMR_PROJECT/assemblies/11658_5_29.fa	ERZ3164469.38	3409	3785	IncX1_4	1-377/377	===============	0/0	100.00	98.94	plasmidfinder	JN935898
/home/ryder/AMR_PROJECT/assemblies/11658_5_29.fa	ERZ3164469.47	4913	5594	IncFIB(AP001918)_1	1-682/682	===============	0/0	100.00	96.63	plasmidfinder	AP001918
/home/ryder/AMR_PROJECT/assemblies/11658_5_29.fa	ERZ3164469.55	3556	3709	Col156_1	1-154/154	===============	0/0	100.00	98.70	plasmidfinder	NC_009781
/home/ryder/AMR_PROJECT/assemblies/11658_5_29.fa	ERZ3164469.74	2607	2737	ColRNAI_1	1-130/130	========/======	1/1	100.00	88.55	plasmidfinder	DQ298019
