#FILE	SEQUENCE	START	END	GENE	COVERAGE	COVERAGE_MAP	GAPS	%COVERAGE	%IDENTITY	DATABASE	ACCESSION
/home/ryder/AMR_PROJECT/assemblies/11658_4_51.fa	ERZ3165372.39	20893	21574	IncFIB(AP001918)_1	1-682/682	===============	0/0	100.00	98.39	plasmidfinder	AP001918
/home/ryder/AMR_PROJECT/assemblies/11658_4_51.fa	ERZ3165372.45	69	347	IncFIA_1	27-305/388	.===========...	0/0	71.91	100.00	plasmidfinder	AP001918
/home/ryder/AMR_PROJECT/assemblies/11658_4_51.fa	ERZ3165372.47	8188	8688	IncFIC(FII)_1	1-499/499	========/======	4/4	99.80	84.26	plasmidfinder	AP001918
/home/ryder/AMR_PROJECT/assemblies/11658_4_51.fa	ERZ3165372.49	1837	1967	ColRNAI_1	1-130/130	========/======	1/1	100.00	89.31	plasmidfinder	DQ298019
