#FILE	SEQUENCE	START	END	GENE	COVERAGE	COVERAGE_MAP	GAPS	%COVERAGE	%IDENTITY	DATABASE	ACCESSION
/home/ryder/AMR_PROJECT/assemblies/11657_6_90.fa	ERZ3166183.110	2722	2852	ColRNAI_1	1-130/130	========/======	1/1	100.00	87.79	plasmidfinder	DQ298019
/home/ryder/AMR_PROJECT/assemblies/11657_6_90.fa	ERZ3166183.111	676	827	Col156_1	1-152/154	===============	0/0	98.70	90.79	plasmidfinder	NC_009781
/home/ryder/AMR_PROJECT/assemblies/11657_6_90.fa	ERZ3166183.113	4479	4598	ColRNAI_1	13-130/130	.=======/======	2/2	90.77	89.17	plasmidfinder	DQ298019
/home/ryder/AMR_PROJECT/assemblies/11657_6_90.fa	ERZ3166183.117	968	1649	IncFIB(AP001918)_1	1-682/682	===============	0/0	100.00	96.92	plasmidfinder	AP001918
/home/ryder/AMR_PROJECT/assemblies/11657_6_90.fa	ERZ3166183.130	977	1130	Col156_1	1-154/154	===============	0/0	100.00	94.81	plasmidfinder	NC_009781
/home/ryder/AMR_PROJECT/assemblies/11657_6_90.fa	ERZ3166183.139	2414	2605	Col(MG828)_1	60-251/262	...============	0/0	73.28	93.75	plasmidfinder	NC_008486
/home/ryder/AMR_PROJECT/assemblies/11657_6_90.fa	ERZ3166183.149	1223	1455	Col(BS512)_1	1-233/233	===============	0/0	100.00	99.57	plasmidfinder	NC_010656
/home/ryder/AMR_PROJECT/assemblies/11657_6_90.fa	ERZ3166183.149	1527	1719	Col(BS512)_1__NC_010656_dupe	1-193/193	===============	0/0	100.00	100.00	plasmidfinder	
/home/ryder/AMR_PROJECT/assemblies/11657_6_90.fa	ERZ3166183.162	1073	1334	Col(MG828)_1	1-262/262	===============	0/0	100.00	91.98	plasmidfinder	NC_008486
/home/ryder/AMR_PROJECT/assemblies/11657_6_90.fa	ERZ3166183.177	815	1155	IncFIC(FII)_1	159-499/499	....===========	0/0	68.34	96.48	plasmidfinder	AP001918
/home/ryder/AMR_PROJECT/assemblies/11657_6_90.fa	ERZ3166183.34	1653	1807	IncB/O/K/Z_2	1-154/160	========/======	3/3	95.62	94.87	plasmidfinder	GU256641
/home/ryder/AMR_PROJECT/assemblies/11657_6_90.fa	ERZ3166183.89	10437	10696	IncFII(pCoo)_1_pCoo	1-262/262	========/======	2/4	98.85	95.06	plasmidfinder	CR942285
/home/ryder/AMR_PROJECT/assemblies/11657_6_90.fa	ERZ3166183.99	9110	9286	ColE10_1	1-177/177	===============	0/0	100.00	82.49	plasmidfinder	X01654
