#FILE	SEQUENCE	START	END	GENE	COVERAGE	COVERAGE_MAP	GAPS	%COVERAGE	%IDENTITY	DATABASE	ACCESSION
/home/ryder/AMR_PROJECT/assemblies/11657_6_53.fa	ERZ3165591.124	141	590	IncQ1_1	1-450/450	===============	0/0	100.00	100.00	plasmidfinder	HE654726
/home/ryder/AMR_PROJECT/assemblies/11657_6_53.fa	ERZ3165591.21	78546	79105	IncFIB(pKPHS1)_1_pKPHS1	1-560/560	========/======	4/8	99.29	75.71	plasmidfinder	CP003223
/home/ryder/AMR_PROJECT/assemblies/11657_6_53.fa	ERZ3165591.41	3854	4350	IncFIC(FII)_1	1-499/499	========/======	1/2	99.60	95.59	plasmidfinder	AP001918
/home/ryder/AMR_PROJECT/assemblies/11657_6_53.fa	ERZ3165591.67	7231	7912	IncFIB(AP001918)_1	1-682/682	===============	0/0	100.00	98.39	plasmidfinder	AP001918
/home/ryder/AMR_PROJECT/assemblies/11657_6_53.fa	ERZ3165591.86	4234	4364	ColRNAI_1	1-130/130	========/======	1/1	100.00	90.08	plasmidfinder	DQ298019
