#FILE	SEQUENCE	START	END	GENE	COVERAGE	COVERAGE_MAP	GAPS	%COVERAGE	%IDENTITY	DATABASE	ACCESSION
/home/ryder/AMR_PROJECT/assemblies/11657_6_30.fa	ERZ3164899.17	31136	31695	IncFIB(pKPHS1)_1_pKPHS1	1-560/560	========/======	4/8	99.29	75.71	plasmidfinder	CP003223
/home/ryder/AMR_PROJECT/assemblies/11657_6_30.fa	ERZ3164899.29	15488	15746	IncFII(29)_1_pUTI89	1-259/259	===============	0/0	100.00	99.61	plasmidfinder	CP003035
/home/ryder/AMR_PROJECT/assemblies/11657_6_30.fa	ERZ3164899.47	10097	10778	IncFIB(AP001918)_1	1-682/682	===============	0/0	100.00	96.63	plasmidfinder	AP001918
/home/ryder/AMR_PROJECT/assemblies/11657_6_30.fa	ERZ3164899.56	6753	6906	Col156_1	1-154/154	===============	0/0	100.00	98.70	plasmidfinder	NC_009781
