#FILE	SEQUENCE	START	END	GENE	COVERAGE	COVERAGE_MAP	GAPS	%COVERAGE	%IDENTITY	DATABASE	ACCESSION
/home/ryder/AMR_PROJECT/assemblies/11657_5_66.fa	ERZ3165691.114	4076	4229	Col156_1	1-154/154	===============	0/0	100.00	94.81	plasmidfinder	NC_009781
/home/ryder/AMR_PROJECT/assemblies/11657_5_66.fa	ERZ3165691.130	3392	3652	IncFII_1	1-261/261	===============	0/0	100.00	100.00	plasmidfinder	AY458016
/home/ryder/AMR_PROJECT/assemblies/11657_5_66.fa	ERZ3165691.160	449	641	Col(BS512)_1__NC_010656_dupe	1-193/193	===============	0/0	100.00	100.00	plasmidfinder	
/home/ryder/AMR_PROJECT/assemblies/11657_5_66.fa	ERZ3165691.160	713	945	Col(BS512)_1	1-233/233	===============	0/0	100.00	100.00	plasmidfinder	NC_010656
/home/ryder/AMR_PROJECT/assemblies/11657_5_66.fa	ERZ3165691.166	1396	1845	IncQ1_1	1-450/450	===============	0/0	100.00	100.00	plasmidfinder	HE654726
/home/ryder/AMR_PROJECT/assemblies/11657_5_66.fa	ERZ3165691.17	58239	58380	IncI1_1_Alpha	1-142/142	===============	0/0	100.00	99.30	plasmidfinder	AP005147
/home/ryder/AMR_PROJECT/assemblies/11657_5_66.fa	ERZ3165691.205	863	1136	IncFIC(FII)_1	1-273/499	========/......	1/1	54.71	95.62	plasmidfinder	AP001918
/home/ryder/AMR_PROJECT/assemblies/11657_5_66.fa	ERZ3165691.24	52025	52340	IncI2_1_Delta	1-316/316	===============	0/0	100.00	100.00	plasmidfinder	AP002527
/home/ryder/AMR_PROJECT/assemblies/11657_5_66.fa	ERZ3165691.259	1	82	IncFIC(FII)_1	216-297/499	......==/=.....	2/2	16.23	86.75	plasmidfinder	AP001918
/home/ryder/AMR_PROJECT/assemblies/11657_5_66.fa	ERZ3165691.95	7420	8101	IncFIB(AP001918)_1	1-682/682	===============	0/0	100.00	98.39	plasmidfinder	AP001918
