#FILE	SEQUENCE	START	END	GENE	COVERAGE	COVERAGE_MAP	GAPS	%COVERAGE	%IDENTITY	DATABASE	ACCESSION
/home/ryder/AMR_PROJECT/assemblies/11657_7_22.fa	ERZ3164823.105	215	476	Col(MG828)_1	1-262/262	===============	0/0	100.00	91.98	plasmidfinder	NC_008486
/home/ryder/AMR_PROJECT/assemblies/11657_7_22.fa	ERZ3164823.106	983	1240	Col(MG828)_1	1-258/262	===============	0/0	98.47	94.19	plasmidfinder	NC_008486
/home/ryder/AMR_PROJECT/assemblies/11657_7_22.fa	ERZ3164823.114	653	806	Col156_1	1-154/154	===============	0/0	100.00	94.81	plasmidfinder	NC_009781
/home/ryder/AMR_PROJECT/assemblies/11657_7_22.fa	ERZ3164823.58	2180	2861	IncFIB(AP001918)_1	1-682/682	===============	0/0	100.00	97.95	plasmidfinder	AP001918
/home/ryder/AMR_PROJECT/assemblies/11657_7_22.fa	ERZ3164823.60	6820	6961	Col156_1	13-154/154	.==============	0/0	92.21	98.59	plasmidfinder	NC_009781
/home/ryder/AMR_PROJECT/assemblies/11657_7_22.fa	ERZ3164823.67	4793	5180	IncFIA_1	1-388/388	===============	0/0	100.00	100.00	plasmidfinder	AP001918
/home/ryder/AMR_PROJECT/assemblies/11657_7_22.fa	ERZ3164823.74	4147	4298	Col156_1	1-152/154	===============	0/0	98.70	90.79	plasmidfinder	NC_009781
/home/ryder/AMR_PROJECT/assemblies/11657_7_22.fa	ERZ3164823.77	100	219	ColRNAI_1	13-130/130	.=======/======	2/2	90.77	89.17	plasmidfinder	DQ298019
/home/ryder/AMR_PROJECT/assemblies/11657_7_22.fa	ERZ3164823.81	638	791	Col156_1	1-154/154	===============	0/0	100.00	94.81	plasmidfinder	NC_009781
/home/ryder/AMR_PROJECT/assemblies/11657_7_22.fa	ERZ3164823.82	3393	3653	IncFII(pRSB107)_1_pRSB107	1-261/261	===============	0/0	100.00	100.00	plasmidfinder	AJ851089
/home/ryder/AMR_PROJECT/assemblies/11657_7_22.fa	ERZ3164823.93	2485	2613	ColRNAI_1	1-128/130	========/======	1/1	98.46	82.17	plasmidfinder	DQ298019
