#FILE	SEQUENCE	START	END	GENE	COVERAGE	COVERAGE_MAP	GAPS	%COVERAGE	%IDENTITY	DATABASE	ACCESSION
/home/ryder/AMR_PROJECT/assemblies/11657_6_36.fa	ERZ3165088.24	74160	74319	IncB/O/K/Z_2	1-160/160	===============	0/0	100.00	100.00	plasmidfinder	GU256641
/home/ryder/AMR_PROJECT/assemblies/11657_6_36.fa	ERZ3165088.33	35464	35735	IncFIC(FII)_1	1-271/499	========/......	1/1	54.31	95.96	plasmidfinder	AP001918
/home/ryder/AMR_PROJECT/assemblies/11657_6_36.fa	ERZ3165088.43	14733	15414	IncFIB(AP001918)_1	1-682/682	===============	0/0	100.00	98.39	plasmidfinder	AP001918
/home/ryder/AMR_PROJECT/assemblies/11657_6_36.fa	ERZ3165088.93	277	382	Col156_1	1-106/154	===========....	0/0	68.83	95.28	plasmidfinder	NC_009781
