#FILE	SEQUENCE	START	END	GENE	COVERAGE	COVERAGE_MAP	GAPS	%COVERAGE	%IDENTITY	DATABASE	ACCESSION
/home/ryder/AMR_PROJECT/assemblies/11658_3_42.fa	ERZ3165578.28	5551	5866	IncI2_1_Delta	1-316/316	===============	0/0	100.00	98.42	plasmidfinder	AP002527
/home/ryder/AMR_PROJECT/assemblies/11658_3_42.fa	ERZ3165578.30	4015	4275	IncFII_1	1-261/261	===============	0/0	100.00	100.00	plasmidfinder	AY458016
/home/ryder/AMR_PROJECT/assemblies/11658_3_42.fa	ERZ3165578.58	6375	6748	IncX4_1	1-374/374	===============	0/0	100.00	100.00	plasmidfinder	CP002895
/home/ryder/AMR_PROJECT/assemblies/11658_3_42.fa	ERZ3165578.60	3433	3820	IncFIA_1	1-388/388	===============	0/0	100.00	99.74	plasmidfinder	AP001918
/home/ryder/AMR_PROJECT/assemblies/11658_3_42.fa	ERZ3165578.64	913	1043	ColRNAI_1	1-130/130	========/======	1/1	100.00	88.55	plasmidfinder	DQ298019
/home/ryder/AMR_PROJECT/assemblies/11658_3_42.fa	ERZ3165578.67	3945	4064	ColRNAI_1	13-130/130	.=======/======	2/2	90.77	89.17	plasmidfinder	DQ298019
