#FILE	SEQUENCE	START	END	GENE	COVERAGE	COVERAGE_MAP	GAPS	%COVERAGE	%IDENTITY	DATABASE	ACCESSION
/home/ryder/AMR_PROJECT/assemblies/11657_6_1.fa	ERZ3164345.34	3866	4362	IncFIC(FII)_1	1-499/499	========/======	1/2	99.60	95.59	plasmidfinder	AP001918
/home/ryder/AMR_PROJECT/assemblies/11657_6_1.fa	ERZ3164345.57	14760	15102	IncX3_1	37-374/374	.=======/======	4/5	90.37	80.17	plasmidfinder	JN247852
/home/ryder/AMR_PROJECT/assemblies/11657_6_1.fa	ERZ3164345.57	15749	16122	IncX1_1	1-374/374	===============	0/0	100.00	98.66	plasmidfinder	EU370913
/home/ryder/AMR_PROJECT/assemblies/11657_6_1.fa	ERZ3164345.80	7191	7872	IncFIB(AP001918)_1	1-682/682	===============	0/0	100.00	98.39	plasmidfinder	AP001918
