#FILE	SEQUENCE	START	END	GENE	COVERAGE	COVERAGE_MAP	GAPS	%COVERAGE	%IDENTITY	DATABASE	ACCESSION
/home/ryder/AMR_PROJECT/assemblies/11658_4_47.fa	ERZ3165309.107	517	709	Col(BS512)_1__NC_010656_dupe	1-193/193	===============	0/0	100.00	100.00	plasmidfinder	
/home/ryder/AMR_PROJECT/assemblies/11658_4_47.fa	ERZ3165309.107	781	1013	Col(BS512)_1	1-233/233	===============	0/0	100.00	100.00	plasmidfinder	NC_010656
/home/ryder/AMR_PROJECT/assemblies/11658_4_47.fa	ERZ3165309.25	51037	51195	IncB/O/K/Z_2	1-158/160	========/======	2/3	98.12	95.00	plasmidfinder	GU256641
/home/ryder/AMR_PROJECT/assemblies/11658_4_47.fa	ERZ3165309.36	40411	40708	IncFIC(FII)_1	1-299/499	========/=.....	3/3	59.52	91.00	plasmidfinder	AP001918
/home/ryder/AMR_PROJECT/assemblies/11658_4_47.fa	ERZ3165309.41	37098	37471	IncX1_1	1-374/374	===============	0/0	100.00	96.52	plasmidfinder	EU370913
/home/ryder/AMR_PROJECT/assemblies/11658_4_47.fa	ERZ3165309.41	38968	39312	IncX3_1	37-374/374	.=======/======	5/9	90.11	76.88	plasmidfinder	JN247852
/home/ryder/AMR_PROJECT/assemblies/11658_4_47.fa	ERZ3165309.64	6509	6704	Col8282_1	9-204/207	========/======	2/4	93.72	75.25	plasmidfinder	DQ995353
/home/ryder/AMR_PROJECT/assemblies/11658_4_47.fa	ERZ3165309.64	13378	13573	Col8282_1	9-204/207	========/======	2/4	93.72	75.25	plasmidfinder	DQ995353
/home/ryder/AMR_PROJECT/assemblies/11658_4_47.fa	ERZ3165309.78	7077	7758	IncFIB(AP001918)_1	1-682/682	===============	0/0	100.00	98.39	plasmidfinder	AP001918
/home/ryder/AMR_PROJECT/assemblies/11658_4_47.fa	ERZ3165309.98	1019	1147	ColRNAI_1	1-128/130	========/======	1/1	98.46	82.17	plasmidfinder	DQ298019
