#FILE	SEQUENCE	START	END	GENE	COVERAGE	COVERAGE_MAP	GAPS	%COVERAGE	%IDENTITY	DATABASE	ACCESSION
/home/ryder/AMR_PROJECT/assemblies/11657_5_94.fa	ERZ3166201.21	47260	47520	IncFII_1	1-261/261	===============	0/0	100.00	100.00	plasmidfinder	AY458016
/home/ryder/AMR_PROJECT/assemblies/11657_5_94.fa	ERZ3166201.27	54116	54267	IncB/O/K/Z_1	1-151/151	========/======	1/1	100.00	96.05	plasmidfinder	CU928147
/home/ryder/AMR_PROJECT/assemblies/11657_5_94.fa	ERZ3166201.34	28006	28687	IncFIB(AP001918)_1	1-682/682	===============	0/0	100.00	98.39	plasmidfinder	AP001918
/home/ryder/AMR_PROJECT/assemblies/11657_5_94.fa	ERZ3166201.56	3222	3375	Col156_1	1-154/154	===============	0/0	100.00	94.16	plasmidfinder	NC_009781
