#FILE	SEQUENCE	START	END	GENE	COVERAGE	COVERAGE_MAP	GAPS	%COVERAGE	%IDENTITY	DATABASE	ACCESSION
/home/ryder/AMR_PROJECT/assemblies/11657_5_42.fa	ERZ3165164.101	974	1272	IncFIC(FII)_1	1-299/499	=========......	0/0	59.92	92.31	plasmidfinder	AP001918
/home/ryder/AMR_PROJECT/assemblies/11657_5_42.fa	ERZ3165164.61	8126	8807	IncFIB(AP001918)_1	1-682/682	===============	0/0	100.00	98.39	plasmidfinder	AP001918
/home/ryder/AMR_PROJECT/assemblies/11657_5_42.fa	ERZ3165164.64	529	789	IncFII_1	1-261/261	===============	0/0	100.00	100.00	plasmidfinder	AY458016
/home/ryder/AMR_PROJECT/assemblies/11657_5_42.fa	ERZ3165164.84	3929	4378	IncQ1_1	1-450/450	===============	0/0	100.00	100.00	plasmidfinder	HE654726
/home/ryder/AMR_PROJECT/assemblies/11657_5_42.fa	ERZ3165164.88	3676	3880	Col8282_1	1-205/207	===============	0/0	99.03	89.27	plasmidfinder	DQ995353
/home/ryder/AMR_PROJECT/assemblies/11657_5_42.fa	ERZ3165164.97	2442	2572	ColRNAI_1	1-130/130	========/======	1/1	100.00	85.50	plasmidfinder	DQ298019
