#FILE	SEQUENCE	START	END	GENE	COVERAGE	COVERAGE_MAP	GAPS	%COVERAGE	%IDENTITY	DATABASE	ACCESSION
/home/ryder/AMR_PROJECT/assemblies/11657_6_56.fa	ERZ3165631.2	382320	383063	pESA2_1	1-743/750	========/======	1/1	99.07	76.48	plasmidfinder	CP000784
/home/ryder/AMR_PROJECT/assemblies/11657_6_56.fa	ERZ3165631.210	149	255	ColRNAI_1	1-107/130	=============..	0/0	82.31	92.52	plasmidfinder	DQ298019
/home/ryder/AMR_PROJECT/assemblies/11657_6_56.fa	ERZ3165631.52	9447	9536	ColRNAI_1	42-130/130	....====/======	1/1	68.46	85.56	plasmidfinder	DQ298019
/home/ryder/AMR_PROJECT/assemblies/11657_6_56.fa	ERZ3165631.65	2	91	ColRNAI_1	42-130/130	....====/======	1/1	68.46	86.67	plasmidfinder	DQ298019
