#FILE	SEQUENCE	START	END	GENE	COVERAGE	COVERAGE_MAP	GAPS	%COVERAGE	%IDENTITY	DATABASE	ACCESSION
/home/ryder/AMR_PROJECT/assemblies/11658_4_74.fa	ERZ3165871.32	3388	3648	IncFII_1	1-261/261	===============	0/0	100.00	100.00	plasmidfinder	AY458016
/home/ryder/AMR_PROJECT/assemblies/11658_4_74.fa	ERZ3165871.34	4362	4735	IncX1_1	1-374/374	===============	0/0	100.00	98.66	plasmidfinder	EU370913
/home/ryder/AMR_PROJECT/assemblies/11658_4_74.fa	ERZ3165871.34	5382	5724	IncX3_1	37-374/374	.=======/======	4/5	90.37	80.17	plasmidfinder	JN247852
/home/ryder/AMR_PROJECT/assemblies/11658_4_74.fa	ERZ3165871.58	4252	4639	IncFIA_1	1-388/388	===============	0/0	100.00	99.74	plasmidfinder	AP001918
/home/ryder/AMR_PROJECT/assemblies/11658_4_74.fa	ERZ3165871.92	1230	1488	Col(MG828)_1	1-260/262	========/======	1/1	98.85	95.00	plasmidfinder	NC_008486
/home/ryder/AMR_PROJECT/assemblies/11658_4_74.fa	ERZ3165871.96	1209	1470	Col(MG828)_1	1-262/262	===============	0/0	100.00	93.13	plasmidfinder	NC_008486
