#FILE	SEQUENCE	START	END	GENE	COVERAGE	COVERAGE_MAP	GAPS	%COVERAGE	%IDENTITY	DATABASE	ACCESSION
/home/ryder/AMR_PROJECT/assemblies/11657_5_81.fa	ERZ3166000.10	13719	14400	IncFIB(AP001918)_1	1-682/682	===============	0/0	100.00	98.24	plasmidfinder	AP001918
/home/ryder/AMR_PROJECT/assemblies/11657_5_81.fa	ERZ3166000.10	98627	98768	IncI1_1_Alpha	1-142/142	===============	0/0	100.00	99.30	plasmidfinder	AP005147
/home/ryder/AMR_PROJECT/assemblies/11657_5_81.fa	ERZ3166000.21	9673	10171	IncFIC(FII)_1	1-499/499	===============	0/0	100.00	98.40	plasmidfinder	AP001918
/home/ryder/AMR_PROJECT/assemblies/11657_5_81.fa	ERZ3166000.42	2595	2725	ColRNAI_1	1-130/130	========/======	1/1	100.00	87.79	plasmidfinder	DQ298019
