#FILE	SEQUENCE	START	END	GENE	COVERAGE	COVERAGE_MAP	GAPS	%COVERAGE	%IDENTITY	DATABASE	ACCESSION
/home/ryder/AMR_PROJECT/assemblies/11657_7_27.fa	ERZ3164887.109	960	1113	Col156_1	1-154/154	===============	0/0	100.00	94.81	plasmidfinder	NC_009781
/home/ryder/AMR_PROJECT/assemblies/11657_7_27.fa	ERZ3164887.131	502	694	Col(BS512)_1__NC_010656_dupe	1-193/193	===============	0/0	100.00	100.00	plasmidfinder	
/home/ryder/AMR_PROJECT/assemblies/11657_7_27.fa	ERZ3164887.131	766	998	Col(BS512)_1	1-233/233	===============	0/0	100.00	100.00	plasmidfinder	NC_010656
/home/ryder/AMR_PROJECT/assemblies/11657_7_27.fa	ERZ3164887.51	23687	24451	IncY_1	1-765/765	===============	0/0	100.00	99.87	plasmidfinder	K02380
/home/ryder/AMR_PROJECT/assemblies/11657_7_27.fa	ERZ3164887.61	3392	3652	IncFII_1	1-261/261	===============	0/0	100.00	100.00	plasmidfinder	AY458016
