#FILE	SEQUENCE	START	END	GENE	COVERAGE	COVERAGE_MAP	GAPS	%COVERAGE	%IDENTITY	DATABASE	ACCESSION
/home/ryder/AMR_PROJECT/assemblies/11658_3_69.fa	ERZ3165924.112	1	114	IncFIC(FII)_1	1-114/499	====...........	0/0	22.85	98.25	plasmidfinder	AP001918
/home/ryder/AMR_PROJECT/assemblies/11658_3_69.fa	ERZ3165924.126	98	251	Col156_1	1-154/154	===============	0/0	100.00	94.81	plasmidfinder	NC_009781
/home/ryder/AMR_PROJECT/assemblies/11658_3_69.fa	ERZ3165924.132	1	216	IncFII(pCoo)_1_pCoo	48-262/262	..======/======	3/7	80.92	93.61	plasmidfinder	CR942285
/home/ryder/AMR_PROJECT/assemblies/11658_3_69.fa	ERZ3165924.206	2	113	ColRNAI_1	1-112/130	=============..	0/0	86.15	90.18	plasmidfinder	DQ298019
/home/ryder/AMR_PROJECT/assemblies/11658_3_69.fa	ERZ3165924.211	192	276	ColRNAI_1	47-130/130	.....===/======	1/1	64.62	87.06	plasmidfinder	DQ298019
/home/ryder/AMR_PROJECT/assemblies/11658_3_69.fa	ERZ3165924.73	3524	4205	IncFIB(AP001918)_1	1-682/682	===============	0/0	100.00	96.92	plasmidfinder	AP001918
/home/ryder/AMR_PROJECT/assemblies/11658_3_69.fa	ERZ3165924.80	1	85	ColRNAI_1	47-130/130	.....===/======	1/1	64.62	88.23	plasmidfinder	DQ298019
/home/ryder/AMR_PROJECT/assemblies/11658_3_69.fa	ERZ3165924.99	1	453	IncFIC(FII)_1	48-499/499	.=======/======	3/3	90.38	93.83	plasmidfinder	AP001918
