#FILE	SEQUENCE	START	END	GENE	COVERAGE	COVERAGE_MAP	GAPS	%COVERAGE	%IDENTITY	DATABASE	ACCESSION
/home/ryder/AMR_PROJECT/assemblies/11657_7_90.fa	ERZ3166230.139	74	204	ColRNAI_1	1-130/130	========/======	1/1	100.00	90.08	plasmidfinder	DQ298019
/home/ryder/AMR_PROJECT/assemblies/11657_7_90.fa	ERZ3166230.23	60247	60406	IncB/O/K/Z_2	1-160/160	===============	0/0	100.00	99.38	plasmidfinder	GU256641
/home/ryder/AMR_PROJECT/assemblies/11657_7_90.fa	ERZ3166230.27	51740	52011	IncFIC(FII)_1	1-271/499	========/......	1/1	54.31	95.96	plasmidfinder	AP001918
/home/ryder/AMR_PROJECT/assemblies/11657_7_90.fa	ERZ3166230.40	1223	1904	IncFIB(AP001918)_1	1-682/682	===============	0/0	100.00	98.39	plasmidfinder	AP001918
/home/ryder/AMR_PROJECT/assemblies/11657_7_90.fa	ERZ3166230.56	6499	6629	ColRNAI_1	1-130/130	========/======	1/1	100.00	88.55	plasmidfinder	DQ298019
