#FILE	SEQUENCE	START	END	GENE	COVERAGE	COVERAGE_MAP	GAPS	%COVERAGE	%IDENTITY	DATABASE	ACCESSION
/home/ryder/AMR_PROJECT/assemblies/11658_3_44.fa	ERZ3165638.18	98675	99439	IncY_1	1-765/765	===============	0/0	100.00	99.22	plasmidfinder	K02380
/home/ryder/AMR_PROJECT/assemblies/11658_3_44.fa	ERZ3165638.35	19718	20060	IncX3_1	37-374/374	.=======/======	4/5	90.37	80.17	plasmidfinder	JN247852
/home/ryder/AMR_PROJECT/assemblies/11658_3_44.fa	ERZ3165638.35	20707	21080	IncX1_1	1-374/374	===============	0/0	100.00	98.93	plasmidfinder	EU370913
/home/ryder/AMR_PROJECT/assemblies/11658_3_44.fa	ERZ3165638.69	55	250	Col(MG828)_1	67-262/262	...============	0/0	74.81	89.29	plasmidfinder	NC_008486
