#FILE	SEQUENCE	START	END	GENE	COVERAGE	COVERAGE_MAP	GAPS	%COVERAGE	%IDENTITY	DATABASE	ACCESSION
/home/ryder/AMR_PROJECT/assemblies/11658_3_89.fa	ERZ3166256.101	1216	1448	Col(BS512)_1	1-233/233	===============	0/0	100.00	100.00	plasmidfinder	NC_010656
/home/ryder/AMR_PROJECT/assemblies/11658_3_89.fa	ERZ3166256.101	1520	1712	Col(BS512)_1__NC_010656_dupe	1-193/193	===============	0/0	100.00	100.00	plasmidfinder	
/home/ryder/AMR_PROJECT/assemblies/11658_3_89.fa	ERZ3166256.118	1	314	IncFIC(FII)_1	188-499/499	.....===/======	4/4	62.32	77.78	plasmidfinder	AP001918
/home/ryder/AMR_PROJECT/assemblies/11658_3_89.fa	ERZ3166256.149	1	254	IncFIC(FII)_1	1-254/499	========.......	0/0	50.90	96.06	plasmidfinder	AP001918
/home/ryder/AMR_PROJECT/assemblies/11658_3_89.fa	ERZ3166256.25	16616	16770	IncB/O/K/Z_2	1-154/160	========/======	1/1	96.25	96.13	plasmidfinder	GU256641
/home/ryder/AMR_PROJECT/assemblies/11658_3_89.fa	ERZ3166256.72	3711	4094	IncFIA_1	5-388/388	===============	0/0	98.97	99.74	plasmidfinder	AP001918
/home/ryder/AMR_PROJECT/assemblies/11658_3_89.fa	ERZ3166256.81	1223	1904	IncFIB(AP001918)_1	1-682/682	===============	0/0	100.00	98.39	plasmidfinder	AP001918
/home/ryder/AMR_PROJECT/assemblies/11658_3_89.fa	ERZ3166256.93	1	112	IncFIC(FII)_1	188-299/499	.....====......	0/0	22.44	89.29	plasmidfinder	AP001918
