#FILE	SEQUENCE	START	END	GENE	COVERAGE	COVERAGE_MAP	GAPS	%COVERAGE	%IDENTITY	DATABASE	ACCESSION
/home/ryder/AMR_PROJECT/assemblies/11658_3_10.fa	ERZ3164654.22	26581	27079	IncFIC(FII)_1	1-499/499	===============	0/0	100.00	98.40	plasmidfinder	AP001918
/home/ryder/AMR_PROJECT/assemblies/11658_3_10.fa	ERZ3164654.23	55655	56336	IncFIB(AP001918)_1	1-682/682	===============	0/0	100.00	98.24	plasmidfinder	AP001918
/home/ryder/AMR_PROJECT/assemblies/11658_3_10.fa	ERZ3164654.46	526	654	ColRNAI_1	1-128/130	========/======	1/1	98.46	81.39	plasmidfinder	DQ298019
/home/ryder/AMR_PROJECT/assemblies/11658_3_10.fa	ERZ3164654.53	13	271	Col(MG828)_1	1-260/262	========/======	1/1	98.85	95.00	plasmidfinder	NC_008486
