#FILE	SEQUENCE	START	END	GENE	COVERAGE	COVERAGE_MAP	GAPS	%COVERAGE	%IDENTITY	DATABASE	ACCESSION
/home/ryder/AMR_PROJECT/assemblies/11658_3_40.fa	ERZ3165537.111	163	355	ColpVC_1	1-193/193	===============	0/0	100.00	98.96	plasmidfinder	JX133088
/home/ryder/AMR_PROJECT/assemblies/11658_3_40.fa	ERZ3165537.114	1	181	Col(BS512)_1__NC_010656_dupe	1-181/193	===============	0/0	93.78	100.00	plasmidfinder	
/home/ryder/AMR_PROJECT/assemblies/11658_3_40.fa	ERZ3165537.114	1786	2018	Col(BS512)_1	1-233/233	===============	0/0	100.00	100.00	plasmidfinder	NC_010656
/home/ryder/AMR_PROJECT/assemblies/11658_3_40.fa	ERZ3165537.55	16609	17290	IncFIB(AP001918)_1	1-682/682	===============	0/0	100.00	96.63	plasmidfinder	AP001918
/home/ryder/AMR_PROJECT/assemblies/11658_3_40.fa	ERZ3165537.71	12825	13323	IncFIC(FII)_1	1-499/499	========/======	5/6	99.40	84.06	plasmidfinder	AP001918
/home/ryder/AMR_PROJECT/assemblies/11658_3_40.fa	ERZ3165537.73	3706	3859	Col156_1	1-154/154	===============	0/0	100.00	98.70	plasmidfinder	NC_009781
