#FILE	SEQUENCE	START	END	GENE	COVERAGE	COVERAGE_MAP	GAPS	%COVERAGE	%IDENTITY	DATABASE	ACCESSION
/home/ryder/AMR_PROJECT/assemblies/11657_6_89.fa	ERZ3166174.102	1084	1345	Col(MG828)_1	1-262/262	===============	0/0	100.00	93.51	plasmidfinder	NC_008486
/home/ryder/AMR_PROJECT/assemblies/11657_6_89.fa	ERZ3166174.45	25392	26034	IncFIB(pB171)_1_pB171	1-643/643	===============	0/0	100.00	99.22	plasmidfinder	AB024946
/home/ryder/AMR_PROJECT/assemblies/11657_6_89.fa	ERZ3166174.55	12363	12750	IncFIA_1	1-388/388	===============	0/0	100.00	99.74	plasmidfinder	AP001918
/home/ryder/AMR_PROJECT/assemblies/11657_6_89.fa	ERZ3166174.77	3929	4378	IncQ1_1	1-450/450	===============	0/0	100.00	100.00	plasmidfinder	HE654726
