#FILE	SEQUENCE	START	END	GENE	COVERAGE	COVERAGE_MAP	GAPS	%COVERAGE	%IDENTITY	DATABASE	ACCESSION
/home/ryder/AMR_PROJECT/assemblies/11657_6_93.fa	ERZ3166260.129	1389	1542	Col156_1	1-154/154	===============	0/0	100.00	91.56	plasmidfinder	NC_009781
/home/ryder/AMR_PROJECT/assemblies/11657_6_93.fa	ERZ3166260.131	1033	1152	ColRNAI_1	13-130/130	.=======/======	2/2	90.77	89.17	plasmidfinder	DQ298019
/home/ryder/AMR_PROJECT/assemblies/11657_6_93.fa	ERZ3166260.136	3349	3502	Col156_1	1-154/154	===============	0/0	100.00	94.81	plasmidfinder	NC_009781
/home/ryder/AMR_PROJECT/assemblies/11657_6_93.fa	ERZ3166260.150	2707	2911	Col8282_1	1-205/207	===============	0/0	99.03	89.76	plasmidfinder	DQ995353
/home/ryder/AMR_PROJECT/assemblies/11657_6_93.fa	ERZ3166260.162	887	1082	Col(MG828)_1	58-253/262	...============	0/0	74.81	89.80	plasmidfinder	NC_008486
/home/ryder/AMR_PROJECT/assemblies/11657_6_93.fa	ERZ3166260.183	1543	1775	Col(BS512)_1	1-233/233	===============	0/0	100.00	100.00	plasmidfinder	NC_010656
/home/ryder/AMR_PROJECT/assemblies/11657_6_93.fa	ERZ3166260.183	1847	2039	Col(BS512)_1__NC_010656_dupe	1-193/193	===============	0/0	100.00	100.00	plasmidfinder	
/home/ryder/AMR_PROJECT/assemblies/11657_6_93.fa	ERZ3166260.195	1381	1573	ColpVC_1	1-193/193	===============	0/0	100.00	99.48	plasmidfinder	JX133088
/home/ryder/AMR_PROJECT/assemblies/11657_6_93.fa	ERZ3166260.30	43277	43436	IncB/O/K/Z_2	1-160/160	===============	0/0	100.00	100.00	plasmidfinder	GU256641
/home/ryder/AMR_PROJECT/assemblies/11657_6_93.fa	ERZ3166260.54	31107	31422	IncI2_1_Delta	1-316/316	===============	0/0	100.00	98.10	plasmidfinder	AP002527
/home/ryder/AMR_PROJECT/assemblies/11657_6_93.fa	ERZ3166260.56	29147	29520	IncX1_1	1-374/374	===============	0/0	100.00	94.65	plasmidfinder	EU370913
/home/ryder/AMR_PROJECT/assemblies/11657_6_93.fa	ERZ3166260.86	10437	10696	IncFII(pCoo)_1_pCoo	1-262/262	========/======	2/4	98.85	95.06	plasmidfinder	CR942285
