#FILE	SEQUENCE	START	END	GENE	COVERAGE	COVERAGE_MAP	GAPS	%COVERAGE	%IDENTITY	DATABASE	ACCESSION
/home/ryder/AMR_PROJECT/assemblies/11658_4_33.fa	ERZ3164969.50	16304	16565	IncFII(pRSB107)_1_pRSB107	1-261/261	========/======	1/1	100.00	96.18	plasmidfinder	AJ851089
/home/ryder/AMR_PROJECT/assemblies/11658_4_33.fa	ERZ3164969.52	3410	3772	IncFIA_1	26-388/388	.==============	0/0	93.56	99.72	plasmidfinder	AP001918
/home/ryder/AMR_PROJECT/assemblies/11658_4_33.fa	ERZ3164969.60	7420	8101	IncFIB(AP001918)_1	1-682/682	===============	0/0	100.00	98.39	plasmidfinder	AP001918
/home/ryder/AMR_PROJECT/assemblies/11658_4_33.fa	ERZ3164969.65	1679	2178	IncFIC(FII)_1	1-499/499	========/======	3/3	99.80	93.61	plasmidfinder	AP001918
