#FILE	SEQUENCE	START	END	GENE	COVERAGE	COVERAGE_MAP	GAPS	%COVERAGE	%IDENTITY	DATABASE	ACCESSION
/home/ryder/AMR_PROJECT/assemblies/11657_6_34.fa	ERZ3165048.109	335	586	Col(MG828)_1	1-252/262	===============	0/0	96.18	93.25	plasmidfinder	NC_008486
/home/ryder/AMR_PROJECT/assemblies/11657_6_34.fa	ERZ3165048.154	634	794	Col(MG828)_1	102-262/262	.....==========	0/0	61.45	90.68	plasmidfinder	NC_008486
/home/ryder/AMR_PROJECT/assemblies/11657_6_34.fa	ERZ3165048.35	1648	1919	IncFIC(FII)_1	1-271/499	========/......	1/1	54.31	95.96	plasmidfinder	AP001918
/home/ryder/AMR_PROJECT/assemblies/11657_6_34.fa	ERZ3165048.84	633	1314	IncFIB(AP001918)_1	1-682/682	===============	0/0	100.00	98.39	plasmidfinder	AP001918
