#FILE	SEQUENCE	START	END	GENE	COVERAGE	COVERAGE_MAP	GAPS	%COVERAGE	%IDENTITY	DATABASE	ACCESSION
/home/ryder/AMR_PROJECT/assemblies/11657_7_72.fa	ERZ3165824.28	40158	40419	IncFII(pRSB107)_1_pRSB107	1-261/261	========/======	1/1	100.00	96.18	plasmidfinder	AJ851089
/home/ryder/AMR_PROJECT/assemblies/11657_7_72.fa	ERZ3165824.32	4747	4900	Col156_1	1-154/154	===============	0/0	100.00	98.70	plasmidfinder	NC_009781
/home/ryder/AMR_PROJECT/assemblies/11657_7_72.fa	ERZ3165824.39	9811	10492	IncFIB(AP001918)_1	1-682/682	===============	0/0	100.00	96.63	plasmidfinder	AP001918
/home/ryder/AMR_PROJECT/assemblies/11657_7_72.fa	ERZ3165824.49	4491	4621	ColRNAI_1	1-130/130	========/======	1/1	100.00	88.55	plasmidfinder	DQ298019
