#FILE	SEQUENCE	START	END	GENE	COVERAGE	COVERAGE_MAP	GAPS	%COVERAGE	%IDENTITY	DATABASE	ACCESSION
/home/ryder/AMR_PROJECT/assemblies/11657_5_90.fa	ERZ3166070.100	502	694	Col(BS512)_1__NC_010656_dupe	1-193/193	===============	0/0	100.00	100.00	plasmidfinder	
/home/ryder/AMR_PROJECT/assemblies/11657_5_90.fa	ERZ3166070.100	766	998	Col(BS512)_1	1-233/233	===============	0/0	100.00	100.00	plasmidfinder	NC_010656
/home/ryder/AMR_PROJECT/assemblies/11657_5_90.fa	ERZ3166070.100	2603	2795	Col(BS512)_1__NC_010656_dupe	1-193/193	===============	0/0	100.00	100.00	plasmidfinder	
/home/ryder/AMR_PROJECT/assemblies/11657_5_90.fa	ERZ3166070.100	2867	3099	Col(BS512)_1	1-233/233	===============	0/0	100.00	100.00	plasmidfinder	NC_010656
/home/ryder/AMR_PROJECT/assemblies/11657_5_90.fa	ERZ3166070.102	3690	3891	Col8282_1	4-205/207	===============	0/0	97.58	89.60	plasmidfinder	DQ995353
/home/ryder/AMR_PROJECT/assemblies/11657_5_90.fa	ERZ3166070.109	879	1032	Col156_1	1-154/154	===============	0/0	100.00	94.81	plasmidfinder	NC_009781
/home/ryder/AMR_PROJECT/assemblies/11657_5_90.fa	ERZ3166070.142	341	602	Col(MG828)_1	1-262/262	===============	0/0	100.00	92.75	plasmidfinder	NC_008486
/home/ryder/AMR_PROJECT/assemblies/11657_5_90.fa	ERZ3166070.145	345	606	Col(MG828)_1	1-262/262	===============	0/0	100.00	93.13	plasmidfinder	NC_008486
/home/ryder/AMR_PROJECT/assemblies/11657_5_90.fa	ERZ3166070.47	27335	27708	IncX1_1	1-374/374	===============	0/0	100.00	94.39	plasmidfinder	EU370913
/home/ryder/AMR_PROJECT/assemblies/11657_5_90.fa	ERZ3166070.74	661	1160	IncFIC(FII)_1	1-499/499	========/======	3/3	99.80	94.01	plasmidfinder	AP001918
/home/ryder/AMR_PROJECT/assemblies/11657_5_90.fa	ERZ3166070.88	1435	1565	ColRNAI_1	1-130/130	========/======	1/1	100.00	88.55	plasmidfinder	DQ298019
/home/ryder/AMR_PROJECT/assemblies/11657_5_90.fa	ERZ3166070.90	1513	2194	IncFIB(AP001918)_1	1-682/682	===============	0/0	100.00	96.92	plasmidfinder	AP001918
