#FILE	SEQUENCE	START	END	GENE	COVERAGE	COVERAGE_MAP	GAPS	%COVERAGE	%IDENTITY	DATABASE	ACCESSION
/home/ryder/AMR_PROJECT/assemblies/11657_7_84.fa	ERZ3165987.52	1336	1596	IncFII(pRSB107)_1_pRSB107	1-261/261	===============	0/0	100.00	100.00	plasmidfinder	AJ851089
/home/ryder/AMR_PROJECT/assemblies/11657_7_84.fa	ERZ3165987.55	14388	14775	IncFIA_1	1-388/388	===============	0/0	100.00	99.74	plasmidfinder	AP001918
/home/ryder/AMR_PROJECT/assemblies/11657_7_84.fa	ERZ3165987.69	6672	6825	Col156_1	1-154/154	===============	0/0	100.00	98.70	plasmidfinder	NC_009781
/home/ryder/AMR_PROJECT/assemblies/11657_7_84.fa	ERZ3165987.76	633	1314	IncFIB(AP001918)_1	1-682/682	===============	0/0	100.00	98.24	plasmidfinder	AP001918
/home/ryder/AMR_PROJECT/assemblies/11657_7_84.fa	ERZ3165987.87	3929	4378	IncQ1_1	1-450/450	===============	0/0	100.00	100.00	plasmidfinder	HE654726
