#FILE	SEQUENCE	START	END	GENE	COVERAGE	COVERAGE_MAP	GAPS	%COVERAGE	%IDENTITY	DATABASE	ACCESSION
/home/ryder/AMR_PROJECT/assemblies/11658_4_80.fa	ERZ3165928.58	1980	2240	IncFII_1	1-261/261	===============	0/0	100.00	100.00	plasmidfinder	AY458016
/home/ryder/AMR_PROJECT/assemblies/11658_4_80.fa	ERZ3165928.62	4251	4638	IncFIA_1	1-388/388	===============	0/0	100.00	99.74	plasmidfinder	AP001918
/home/ryder/AMR_PROJECT/assemblies/11658_4_80.fa	ERZ3165928.75	3690	3891	Col8282_1	4-205/207	===============	0/0	97.58	89.60	plasmidfinder	DQ995353
/home/ryder/AMR_PROJECT/assemblies/11658_4_80.fa	ERZ3165928.94	364	615	Col(MG828)_1	1-252/262	===============	0/0	96.18	93.25	plasmidfinder	NC_008486
