#FILE	SEQUENCE	START	END	GENE	COVERAGE	COVERAGE_MAP	GAPS	%COVERAGE	%IDENTITY	DATABASE	ACCESSION
/home/ryder/AMR_PROJECT/assemblies/11658_3_68.fa	ERZ3165927.102	3549	3660	IncFIC(FII)_1	188-299/499	.....====......	0/0	22.44	89.29	plasmidfinder	AP001918
/home/ryder/AMR_PROJECT/assemblies/11658_3_68.fa	ERZ3165927.131	1033	1346	IncFIC(FII)_1	188-499/499	.....===/======	4/4	62.32	77.78	plasmidfinder	AP001918
/home/ryder/AMR_PROJECT/assemblies/11658_3_68.fa	ERZ3165927.179	1	254	IncFIC(FII)_1	1-254/499	========.......	0/0	50.90	95.67	plasmidfinder	AP001918
/home/ryder/AMR_PROJECT/assemblies/11658_3_68.fa	ERZ3165927.52	14369	14752	IncFIA_1	5-388/388	===============	0/0	98.97	99.74	plasmidfinder	AP001918
/home/ryder/AMR_PROJECT/assemblies/11658_3_68.fa	ERZ3165927.62	1901	2582	IncFIB(AP001918)_1	1-682/682	===============	0/0	100.00	98.39	plasmidfinder	AP001918
/home/ryder/AMR_PROJECT/assemblies/11658_3_68.fa	ERZ3165927.71	6289	7053	IncY_1	1-765/765	===============	0/0	100.00	98.82	plasmidfinder	K02380
/home/ryder/AMR_PROJECT/assemblies/11658_3_68.fa	ERZ3165927.76	6806	7179	IncX1_1	1-374/374	===============	0/0	100.00	94.65	plasmidfinder	EU370913
/home/ryder/AMR_PROJECT/assemblies/11658_3_68.fa	ERZ3165927.87	1684	1837	Col156_1	1-154/154	===============	0/0	100.00	94.81	plasmidfinder	NC_009781
/home/ryder/AMR_PROJECT/assemblies/11658_3_68.fa	ERZ3165927.98	254	458	Col8282_1	1-205/207	===============	0/0	99.03	89.27	plasmidfinder	DQ995353
