#FILE	SEQUENCE	START	END	GENE	COVERAGE	COVERAGE_MAP	GAPS	%COVERAGE	%IDENTITY	DATABASE	ACCESSION
/home/ryder/AMR_PROJECT/assemblies/11657_5_38.fa	ERZ3165032.102	6820	6973	Col156_1	1-154/154	===============	0/0	100.00	94.81	plasmidfinder	NC_009781
/home/ryder/AMR_PROJECT/assemblies/11657_5_38.fa	ERZ3165032.107	7445	8126	IncFIB(AP001918)_1	1-682/682	===============	0/0	100.00	96.63	plasmidfinder	AP001918
/home/ryder/AMR_PROJECT/assemblies/11657_5_38.fa	ERZ3165032.148	259	460	Col8282_1	4-205/207	===============	0/0	97.58	89.60	plasmidfinder	DQ995353
/home/ryder/AMR_PROJECT/assemblies/11657_5_38.fa	ERZ3165032.158	1173	1470	IncFIC(FII)_1	1-299/499	========/=.....	2/3	59.52	92.67	plasmidfinder	AP001918
/home/ryder/AMR_PROJECT/assemblies/11657_5_38.fa	ERZ3165032.172	377	569	Col(BS512)_1__NC_010656_dupe	1-193/193	===============	0/0	100.00	100.00	plasmidfinder	
/home/ryder/AMR_PROJECT/assemblies/11657_5_38.fa	ERZ3165032.172	641	873	Col(BS512)_1	1-233/233	===============	0/0	100.00	100.00	plasmidfinder	NC_010656
/home/ryder/AMR_PROJECT/assemblies/11657_5_38.fa	ERZ3165032.282	1	223	IncFII(pRSB107)_1_pRSB107	1-222/261	========/====..	1/1	85.06	95.52	plasmidfinder	AJ851089
/home/ryder/AMR_PROJECT/assemblies/11657_5_38.fa	ERZ3165032.289	1	105	IncFIC(FII)_1	195-299/499	.....====......	0/0	21.04	88.57	plasmidfinder	AP001918
