#FILE	SEQUENCE	START	END	GENE	COVERAGE	COVERAGE_MAP	GAPS	%COVERAGE	%IDENTITY	DATABASE	ACCESSION
/home/ryder/AMR_PROJECT/assemblies/11658_3_7.fa	ERZ3164634.119	341	533	Col(MP18)_1	1-193/193	===============	0/0	100.00	100.00	plasmidfinder	NC_013652
/home/ryder/AMR_PROJECT/assemblies/11658_3_7.fa	ERZ3164634.87	29	182	Col156_1	1-154/154	===============	0/0	100.00	97.40	plasmidfinder	NC_009781
/home/ryder/AMR_PROJECT/assemblies/11658_3_7.fa	ERZ3164634.94	5483	5634	Col156_1	1-152/154	===============	0/0	98.70	90.79	plasmidfinder	NC_009781
/home/ryder/AMR_PROJECT/assemblies/11658_3_7.fa	ERZ3164634.96	4479	4598	ColRNAI_1	13-130/130	.=======/======	2/2	90.77	89.17	plasmidfinder	DQ298019
