#FILE	SEQUENCE	START	END	GENE	COVERAGE	COVERAGE_MAP	GAPS	%COVERAGE	%IDENTITY	DATABASE	ACCESSION
/home/ryder/AMR_PROJECT/assemblies/11658_3_22.fa	ERZ3164900.40	2515	3011	IncFIC(FII)_1	1-499/499	========/======	1/2	99.60	95.59	plasmidfinder	AP001918
/home/ryder/AMR_PROJECT/assemblies/11658_3_22.fa	ERZ3164900.44	29415	29556	IncI1_1_Alpha	1-142/142	===============	0/0	100.00	99.30	plasmidfinder	AP005147
/home/ryder/AMR_PROJECT/assemblies/11658_3_22.fa	ERZ3164900.46	3584	3957	IncX1_1	1-374/374	===============	0/0	100.00	94.92	plasmidfinder	EU370913
/home/ryder/AMR_PROJECT/assemblies/11658_3_22.fa	ERZ3164900.62	6072	6455	IncFIA_1	5-388/388	===============	0/0	98.97	100.00	plasmidfinder	AP001918
/home/ryder/AMR_PROJECT/assemblies/11658_3_22.fa	ERZ3164900.65	1220	1901	IncFIB(AP001918)_1	1-682/682	===============	0/0	100.00	99.56	plasmidfinder	AP001918
/home/ryder/AMR_PROJECT/assemblies/11658_3_22.fa	ERZ3164900.73	1207	1360	Col156_1	1-154/154	===============	0/0	100.00	94.81	plasmidfinder	NC_009781
/home/ryder/AMR_PROJECT/assemblies/11658_3_22.fa	ERZ3164900.74	4940	5091	Col156_1	1-152/154	===============	0/0	98.70	90.79	plasmidfinder	NC_009781
/home/ryder/AMR_PROJECT/assemblies/11658_3_22.fa	ERZ3164900.75	4479	4598	ColRNAI_1	13-130/130	.=======/======	2/2	90.77	89.17	plasmidfinder	DQ298019
/home/ryder/AMR_PROJECT/assemblies/11658_3_22.fa	ERZ3164900.78	1179	1332	Col156_1	1-154/154	===============	0/0	100.00	100.00	plasmidfinder	NC_009781
/home/ryder/AMR_PROJECT/assemblies/11658_3_22.fa	ERZ3164900.92	214	475	Col(MG828)_1	1-262/262	===============	0/0	100.00	93.51	plasmidfinder	NC_008486
