#FILE	SEQUENCE	START	END	GENE	COVERAGE	COVERAGE_MAP	GAPS	%COVERAGE	%IDENTITY	DATABASE	ACCESSION
/home/ryder/AMR_PROJECT/assemblies/11657_6_33.fa	ERZ3165045.136	4434	4587	Col156_1	1-154/154	===============	0/0	100.00	94.81	plasmidfinder	NC_009781
/home/ryder/AMR_PROJECT/assemblies/11657_6_33.fa	ERZ3165045.141	3613	3743	ColRNAI_1	1-130/130	========/======	1/1	100.00	87.79	plasmidfinder	DQ298019
/home/ryder/AMR_PROJECT/assemblies/11657_6_33.fa	ERZ3165045.150	2568	2687	ColRNAI_1	13-130/130	.=======/======	2/2	90.77	89.17	plasmidfinder	DQ298019
/home/ryder/AMR_PROJECT/assemblies/11657_6_33.fa	ERZ3165045.166	502	694	Col(BS512)_1__NC_010656_dupe	1-193/193	===============	0/0	100.00	100.00	plasmidfinder	
/home/ryder/AMR_PROJECT/assemblies/11657_6_33.fa	ERZ3165045.166	766	998	Col(BS512)_1	1-233/233	===============	0/0	100.00	100.00	plasmidfinder	NC_010656
/home/ryder/AMR_PROJECT/assemblies/11657_6_33.fa	ERZ3165045.86	7446	8127	IncFIB(AP001918)_1	1-682/682	===============	0/0	100.00	96.63	plasmidfinder	AP001918
/home/ryder/AMR_PROJECT/assemblies/11657_6_33.fa	ERZ3165045.87	1943	2073	ColRNAI_1	1-130/130	========/======	1/1	100.00	88.55	plasmidfinder	DQ298019
/home/ryder/AMR_PROJECT/assemblies/11657_6_33.fa	ERZ3165045.87	5628	5889	IncFII(pRSB107)_1_pRSB107	1-261/261	========/======	1/1	100.00	96.18	plasmidfinder	AJ851089
