#FILE	SEQUENCE	START	END	GENE	COVERAGE	COVERAGE_MAP	GAPS	%COVERAGE	%IDENTITY	DATABASE	ACCESSION
/home/ryder/AMR_PROJECT/assemblies/11657_6_50.fa	ERZ3165555.21	74477	74635	IncB/O/K/Z_2	1-158/160	========/======	2/3	98.12	95.00	plasmidfinder	GU256641
/home/ryder/AMR_PROJECT/assemblies/11657_6_50.fa	ERZ3165555.28	1777	2037	IncFII_1	1-261/261	===============	0/0	100.00	100.00	plasmidfinder	AY458016
/home/ryder/AMR_PROJECT/assemblies/11657_6_50.fa	ERZ3165555.44	1902	2583	IncFIB(AP001918)_1	1-682/682	===============	0/0	100.00	98.39	plasmidfinder	AP001918
/home/ryder/AMR_PROJECT/assemblies/11657_6_50.fa	ERZ3165555.60	100	219	ColRNAI_1	13-130/130	.=======/======	2/2	90.77	89.17	plasmidfinder	DQ298019
/home/ryder/AMR_PROJECT/assemblies/11657_6_50.fa	ERZ3165555.64	356	557	Col8282_1	4-205/207	===============	0/0	97.58	89.60	plasmidfinder	DQ995353
/home/ryder/AMR_PROJECT/assemblies/11657_6_50.fa	ERZ3165555.69	1219	1349	ColRNAI_1	1-130/130	========/======	1/1	100.00	83.97	plasmidfinder	DQ298019
