#FILE	SEQUENCE	START	END	GENE	COVERAGE	COVERAGE_MAP	GAPS	%COVERAGE	%IDENTITY	DATABASE	ACCESSION
/home/ryder/AMR_PROJECT/assemblies/11658_4_61.fa	ERZ3165523.46	1982	2242	IncFII_1	1-261/261	===============	0/0	100.00	100.00	plasmidfinder	AY458016
/home/ryder/AMR_PROJECT/assemblies/11658_4_61.fa	ERZ3165523.59	4251	4638	IncFIA_1	1-388/388	===============	0/0	100.00	99.74	plasmidfinder	AP001918
/home/ryder/AMR_PROJECT/assemblies/11658_4_61.fa	ERZ3165523.65	4744	4873	ColRNAI_1	1-128/130	========/======	2/2	98.46	80.00	plasmidfinder	DQ298019
/home/ryder/AMR_PROJECT/assemblies/11658_4_61.fa	ERZ3165523.72	3712	3916	Col8282_1	1-205/207	===============	0/0	99.03	89.76	plasmidfinder	DQ995353
/home/ryder/AMR_PROJECT/assemblies/11658_4_61.fa	ERZ3165523.90	136	328	Col(BS512)_1__NC_010656_dupe	1-193/193	===============	0/0	100.00	98.96	plasmidfinder	
/home/ryder/AMR_PROJECT/assemblies/11658_4_61.fa	ERZ3165523.90	400	632	Col(BS512)_1	1-233/233	===============	0/0	100.00	100.00	plasmidfinder	NC_010656
/home/ryder/AMR_PROJECT/assemblies/11658_4_61.fa	ERZ3165523.92	1077	1338	Col(MG828)_1	1-262/262	===============	0/0	100.00	93.51	plasmidfinder	NC_008486
