#FILE	SEQUENCE	START	END	GENE	COVERAGE	COVERAGE_MAP	GAPS	%COVERAGE	%IDENTITY	DATABASE	ACCESSION
/home/ryder/AMR_PROJECT/assemblies/11658_4_28.fa	ERZ3164925.108	2725	2878	Col156_1	1-154/154	===============	0/0	100.00	94.81	plasmidfinder	NC_009781
/home/ryder/AMR_PROJECT/assemblies/11658_4_28.fa	ERZ3164925.19	42907	43066	IncB/O/K/Z_2	1-160/160	===============	0/0	100.00	100.00	plasmidfinder	GU256641
/home/ryder/AMR_PROJECT/assemblies/11658_4_28.fa	ERZ3164925.73	661	1160	IncFIC(FII)_1	1-499/499	========/======	3/3	99.80	94.01	plasmidfinder	AP001918
/home/ryder/AMR_PROJECT/assemblies/11658_4_28.fa	ERZ3164925.86	974	1104	ColRNAI_1	1-130/130	========/======	1/1	100.00	88.55	plasmidfinder	DQ298019
/home/ryder/AMR_PROJECT/assemblies/11658_4_28.fa	ERZ3164925.93	1	67	Col156_1	86-152/154	........=======	0/0	43.51	95.52	plasmidfinder	NC_009781
/home/ryder/AMR_PROJECT/assemblies/11658_4_28.fa	ERZ3164925.93	5632	5783	Col156_1	1-152/154	===============	0/0	98.70	90.79	plasmidfinder	NC_009781
