#FILE	SEQUENCE	START	END	GENE	COVERAGE	COVERAGE_MAP	GAPS	%COVERAGE	%IDENTITY	DATABASE	ACCESSION
/home/ryder/AMR_PROJECT/assemblies/11658_3_8.fa	ERZ3164644.101	54	311	Col(MG828)_1	1-258/262	===============	0/0	98.47	94.19	plasmidfinder	NC_008486
/home/ryder/AMR_PROJECT/assemblies/11658_3_8.fa	ERZ3164644.29	10774	11270	IncFIC(FII)_1	1-499/499	========/======	1/2	99.60	95.59	plasmidfinder	AP001918
/home/ryder/AMR_PROJECT/assemblies/11658_3_8.fa	ERZ3164644.37	13183	14177	pSL483_1	1-995/995	===============	0/0	100.00	99.80	plasmidfinder	CP001137
/home/ryder/AMR_PROJECT/assemblies/11658_3_8.fa	ERZ3164644.42	21545	22226	IncFIB(AP001918)_1	1-682/682	===============	0/0	100.00	98.39	plasmidfinder	AP001918
/home/ryder/AMR_PROJECT/assemblies/11658_3_8.fa	ERZ3164644.65	2037	2270	Col(MG828)_1	29-262/262	.=======/======	2/2	88.93	89.36	plasmidfinder	NC_008486
/home/ryder/AMR_PROJECT/assemblies/11658_3_8.fa	ERZ3164644.68	54	315	Col(MG828)_1	1-262/262	===============	0/0	100.00	93.89	plasmidfinder	NC_008486
/home/ryder/AMR_PROJECT/assemblies/11658_3_8.fa	ERZ3164644.68	1606	1867	Col(MG828)_1	1-262/262	===============	0/0	100.00	93.89	plasmidfinder	NC_008486
