#FILE	SEQUENCE	START	END	GENE	COVERAGE	COVERAGE_MAP	GAPS	%COVERAGE	%IDENTITY	DATABASE	ACCESSION
/home/ryder/AMR_PROJECT/assemblies/11657_6_42.fa	ERZ3165252.145	1	262	IncFII(pCoo)_1_pCoo	1-262/262	========/======	2/2	99.62	95.06	plasmidfinder	CR942285
/home/ryder/AMR_PROJECT/assemblies/11657_6_42.fa	ERZ3165252.42	10085	10766	IncFIB(AP001918)_1	1-682/682	===============	0/0	100.00	98.68	plasmidfinder	AP001918
/home/ryder/AMR_PROJECT/assemblies/11657_6_42.fa	ERZ3165252.48	1	105	IncFIC(FII)_1	195-299/499	.....====......	0/0	21.04	93.33	plasmidfinder	AP001918
/home/ryder/AMR_PROJECT/assemblies/11657_6_42.fa	ERZ3165252.49	8833	8909	IncFIC(FII)_1	195-271/499	.....====......	0/0	15.43	96.10	plasmidfinder	AP001918
/home/ryder/AMR_PROJECT/assemblies/11657_6_42.fa	ERZ3165252.52	5648	6161	IncN_1	1-514/514	===============	0/0	100.00	100.00	plasmidfinder	AY046276
