#FILE	SEQUENCE	START	END	GENE	COVERAGE	COVERAGE_MAP	GAPS	%COVERAGE	%IDENTITY	DATABASE	ACCESSION
/home/ryder/AMR_PROJECT/assemblies/11658_3_38.fa	ERZ3165486.104	1077	1338	Col(MG828)_1	1-262/262	===============	0/0	100.00	93.51	plasmidfinder	NC_008486
/home/ryder/AMR_PROJECT/assemblies/11658_3_38.fa	ERZ3165486.46	833	1514	IncFIB(AP001918)_1	1-682/682	===============	0/0	100.00	98.39	plasmidfinder	AP001918
/home/ryder/AMR_PROJECT/assemblies/11658_3_38.fa	ERZ3165486.47	3433	3820	IncFIA_1	1-388/388	===============	0/0	100.00	99.74	plasmidfinder	AP001918
/home/ryder/AMR_PROJECT/assemblies/11658_3_38.fa	ERZ3165486.65	68	305	IncFII(pRSB107)_1_pRSB107	1-238/261	==============.	0/0	91.19	97.90	plasmidfinder	AJ851089
/home/ryder/AMR_PROJECT/assemblies/11658_3_38.fa	ERZ3165486.99	502	694	Col(BS512)_1__NC_010656_dupe	1-193/193	===============	0/0	100.00	100.00	plasmidfinder	
/home/ryder/AMR_PROJECT/assemblies/11658_3_38.fa	ERZ3165486.99	766	998	Col(BS512)_1	1-233/233	===============	0/0	100.00	100.00	plasmidfinder	NC_010656
