#FILE	SEQUENCE	START	END	GENE	COVERAGE	COVERAGE_MAP	GAPS	%COVERAGE	%IDENTITY	DATABASE	ACCESSION
/home/ryder/AMR_PROJECT/assemblies/11658_3_80.fa	ERZ3166084.27	5964	6224	IncFII_1	1-261/261	===============	0/0	100.00	100.00	plasmidfinder	AY458016
/home/ryder/AMR_PROJECT/assemblies/11658_3_80.fa	ERZ3166084.32	1339	1712	IncX1_1	1-374/374	===============	0/0	100.00	98.40	plasmidfinder	EU370913
/home/ryder/AMR_PROJECT/assemblies/11658_3_80.fa	ERZ3166084.37	25876	26557	IncFIB(AP001918)_1	1-682/682	===============	0/0	100.00	98.39	plasmidfinder	AP001918
/home/ryder/AMR_PROJECT/assemblies/11658_3_80.fa	ERZ3166084.66	142	591	IncQ1_1	1-450/450	===============	0/0	100.00	100.00	plasmidfinder	HE654726
