#FILE	SEQUENCE	START	END	GENE	COVERAGE	COVERAGE_MAP	GAPS	%COVERAGE	%IDENTITY	DATABASE	ACCESSION
/home/ryder/AMR_PROJECT/assemblies/11658_3_58.fa	ERZ3165783.36	27837	28179	IncX3_1	37-374/374	.=======/======	4/5	90.37	80.17	plasmidfinder	JN247852
/home/ryder/AMR_PROJECT/assemblies/11658_3_58.fa	ERZ3165783.36	28826	29199	IncX1_1	1-374/374	===============	0/0	100.00	98.66	plasmidfinder	EU370913
/home/ryder/AMR_PROJECT/assemblies/11658_3_58.fa	ERZ3165783.38	16813	17455	IncFIB(pB171)_1_pB171	1-643/643	===============	0/0	100.00	99.22	plasmidfinder	AB024946
/home/ryder/AMR_PROJECT/assemblies/11658_3_58.fa	ERZ3165783.38	35043	35430	IncFIA_1	1-388/388	===============	0/0	100.00	99.74	plasmidfinder	AP001918
/home/ryder/AMR_PROJECT/assemblies/11658_3_58.fa	ERZ3165783.67	140	589	IncQ1_1	1-450/450	===============	0/0	100.00	100.00	plasmidfinder	HE654726
