#FILE	SEQUENCE	START	END	GENE	COVERAGE	COVERAGE_MAP	GAPS	%COVERAGE	%IDENTITY	DATABASE	ACCESSION
/home/ryder/AMR_PROJECT/assemblies/11657_6_75.fa	ERZ3165965.127	1367	1520	Col156_1	1-154/154	===============	0/0	100.00	94.81	plasmidfinder	NC_009781
/home/ryder/AMR_PROJECT/assemblies/11657_6_75.fa	ERZ3165965.156	967	1120	Col156_1	1-154/154	===============	0/0	100.00	96.75	plasmidfinder	NC_009781
/home/ryder/AMR_PROJECT/assemblies/11657_6_75.fa	ERZ3165965.195	1230	1488	Col(MG828)_1	1-260/262	========/======	1/1	98.85	95.77	plasmidfinder	NC_008486
/home/ryder/AMR_PROJECT/assemblies/11657_6_75.fa	ERZ3165965.222	278	577	IncFIC(FII)_1	1-299/499	========/=.....	1/1	59.92	91.00	plasmidfinder	AP001918
/home/ryder/AMR_PROJECT/assemblies/11657_6_75.fa	ERZ3165965.247	1	118	ColRNAI_1	1-118/130	==============.	0/0	90.77	88.98	plasmidfinder	DQ298019
/home/ryder/AMR_PROJECT/assemblies/11657_6_75.fa	ERZ3165965.253	124	383	Col(MG828)_1	1-262/262	========/======	5/6	98.47	85.98	plasmidfinder	NC_008486
/home/ryder/AMR_PROJECT/assemblies/11657_6_75.fa	ERZ3165965.285	1	314	IncFIC(FII)_1	188-499/499	.....===/======	4/4	62.32	78.09	plasmidfinder	AP001918
/home/ryder/AMR_PROJECT/assemblies/11657_6_75.fa	ERZ3165965.348	1	144	Col156_1	11-154/154	.==============	0/0	93.51	98.61	plasmidfinder	NC_009781
/home/ryder/AMR_PROJECT/assemblies/11657_6_75.fa	ERZ3165965.88	7446	8127	IncFIB(AP001918)_1	1-682/682	===============	0/0	100.00	96.63	plasmidfinder	AP001918
