#FILE	SEQUENCE	START	END	GENE	COVERAGE	COVERAGE_MAP	GAPS	%COVERAGE	%IDENTITY	DATABASE	ACCESSION
/home/ryder/AMR_PROJECT/assemblies/11657_7_58.fa	ERZ3165642.32	4049	4422	IncX1_1	1-374/374	===============	0/0	100.00	98.66	plasmidfinder	EU370913
/home/ryder/AMR_PROJECT/assemblies/11657_7_58.fa	ERZ3165642.32	5069	5411	IncX3_1	37-374/374	.=======/======	4/5	90.37	80.17	plasmidfinder	JN247852
/home/ryder/AMR_PROJECT/assemblies/11657_7_58.fa	ERZ3165642.47	3388	3648	IncFII_1	1-261/261	===============	0/0	100.00	100.00	plasmidfinder	AY458016
/home/ryder/AMR_PROJECT/assemblies/11657_7_58.fa	ERZ3165642.60	4252	4639	IncFIA_1	1-388/388	===============	0/0	100.00	99.74	plasmidfinder	AP001918
/home/ryder/AMR_PROJECT/assemblies/11657_7_58.fa	ERZ3165642.95	126	384	Col(MG828)_1	1-260/262	========/======	1/1	98.85	95.00	plasmidfinder	NC_008486
/home/ryder/AMR_PROJECT/assemblies/11657_7_58.fa	ERZ3165642.98	125	386	Col(MG828)_1	1-262/262	===============	0/0	100.00	93.13	plasmidfinder	NC_008486
