#FILE	SEQUENCE	START	END	GENE	COVERAGE	COVERAGE_MAP	GAPS	%COVERAGE	%IDENTITY	DATABASE	ACCESSION
/home/ryder/AMR_PROJECT/assemblies/11658_5_34.fa	ERZ3164500.38	10456	10714	IncFII(29)_1_pUTI89	1-259/259	===============	0/0	100.00	99.61	plasmidfinder	CP003035
/home/ryder/AMR_PROJECT/assemblies/11658_5_34.fa	ERZ3164500.49	3638	3791	Col156_1	1-154/154	===============	0/0	100.00	98.70	plasmidfinder	NC_009781
/home/ryder/AMR_PROJECT/assemblies/11658_5_34.fa	ERZ3164500.59	4910	5591	IncFIB(AP001918)_1	1-682/682	===============	0/0	100.00	96.48	plasmidfinder	AP001918
/home/ryder/AMR_PROJECT/assemblies/11658_5_34.fa	ERZ3164500.60	1101	1231	ColRNAI_1	1-130/130	========/======	1/1	100.00	86.26	plasmidfinder	DQ298019
/home/ryder/AMR_PROJECT/assemblies/11658_5_34.fa	ERZ3164500.95	900	1092	ColpVC_1	1-193/193	===============	0/0	100.00	88.60	plasmidfinder	JX133088
