#FILE	SEQUENCE	START	END	GENE	COVERAGE	COVERAGE_MAP	GAPS	%COVERAGE	%IDENTITY	DATABASE	ACCESSION
/home/ryder/AMR_PROJECT/assemblies/11657_5_56.fa	ERZ3165562.23	18626	18785	IncB/O/K/Z_2	1-160/160	===============	0/0	100.00	100.00	plasmidfinder	GU256641
/home/ryder/AMR_PROJECT/assemblies/11657_5_56.fa	ERZ3165562.29	13885	14143	IncFII(29)_1_pUTI89	1-259/259	===============	0/0	100.00	99.61	plasmidfinder	CP003035
/home/ryder/AMR_PROJECT/assemblies/11657_5_56.fa	ERZ3165562.46	8166	8847	IncFIB(AP001918)_1	1-682/682	===============	0/0	100.00	96.63	plasmidfinder	AP001918
/home/ryder/AMR_PROJECT/assemblies/11657_5_56.fa	ERZ3165562.51	3638	3791	Col156_1	1-154/154	===============	0/0	100.00	98.70	plasmidfinder	NC_009781
