#FILE	SEQUENCE	START	END	GENE	COVERAGE	COVERAGE_MAP	GAPS	%COVERAGE	%IDENTITY	DATABASE	ACCESSION
/home/ryder/AMR_PROJECT/assemblies/11657_7_15.fa	ERZ3164627.104	215	476	Col(MG828)_1	1-262/262	===============	0/0	100.00	91.98	plasmidfinder	NC_008486
/home/ryder/AMR_PROJECT/assemblies/11657_7_15.fa	ERZ3164627.70	4632	4893	IncFII(pRSB107)_1_pRSB107	1-261/261	========/======	1/1	100.00	96.18	plasmidfinder	AJ851089
/home/ryder/AMR_PROJECT/assemblies/11657_7_15.fa	ERZ3164627.79	100	219	ColRNAI_1	13-130/130	.=======/======	2/2	90.77	89.17	plasmidfinder	DQ298019
/home/ryder/AMR_PROJECT/assemblies/11657_7_15.fa	ERZ3164627.88	1903	2584	IncFIB(AP001918)_1	1-682/682	===============	0/0	100.00	98.39	plasmidfinder	AP001918
/home/ryder/AMR_PROJECT/assemblies/11657_7_15.fa	ERZ3164627.98	520	712	Col(BS512)_1__NC_010656_dupe	1-193/193	===============	0/0	100.00	100.00	plasmidfinder	
/home/ryder/AMR_PROJECT/assemblies/11657_7_15.fa	ERZ3164627.98	784	1016	Col(BS512)_1	1-233/233	===============	0/0	100.00	100.00	plasmidfinder	NC_010656
