#FILE	SEQUENCE	START	END	GENE	COVERAGE	COVERAGE_MAP	GAPS	%COVERAGE	%IDENTITY	DATABASE	ACCESSION
/home/ryder/AMR_PROJECT/assemblies/11657_7_54.fa	ERZ3165597.26	28040	28924	p0111_1	1-885/885	===============	0/0	100.00	98.87	plasmidfinder	AP010962
/home/ryder/AMR_PROJECT/assemblies/11657_7_54.fa	ERZ3165597.50	4251	4638	IncFIA_1	1-388/388	===============	0/0	100.00	99.74	plasmidfinder	AP001918
/home/ryder/AMR_PROJECT/assemblies/11657_7_54.fa	ERZ3165597.52	12942	13202	IncFII_1	1-261/261	===============	0/0	100.00	100.00	plasmidfinder	AY458016
/home/ryder/AMR_PROJECT/assemblies/11657_7_54.fa	ERZ3165597.75	259	460	Col8282_1	4-205/207	===============	0/0	97.58	89.60	plasmidfinder	DQ995353
/home/ryder/AMR_PROJECT/assemblies/11657_7_54.fa	ERZ3165597.94	982	1233	Col(MG828)_1	1-252/262	===============	0/0	96.18	93.25	plasmidfinder	NC_008486
