#FILE	SEQUENCE	START	END	GENE	COVERAGE	COVERAGE_MAP	GAPS	%COVERAGE	%IDENTITY	DATABASE	ACCESSION
/home/ryder/AMR_PROJECT/assemblies/11658_3_11.fa	ERZ3164663.36	43089	43243	IncB/O/K/Z_2	1-154/160	========/======	3/3	95.62	94.87	plasmidfinder	GU256641
/home/ryder/AMR_PROJECT/assemblies/11658_3_11.fa	ERZ3164663.61	8951	9211	IncFII(pRSB107)_1_pRSB107	1-261/261	===============	0/0	100.00	100.00	plasmidfinder	AJ851089
/home/ryder/AMR_PROJECT/assemblies/11658_3_11.fa	ERZ3164663.71	1788	1894	ColRNAI_1	24-130/130	..======/======	2/2	81.54	83.33	plasmidfinder	DQ298019
/home/ryder/AMR_PROJECT/assemblies/11658_3_11.fa	ERZ3164663.88	4302	4983	IncFIB(AP001918)_1	1-682/682	===============	0/0	100.00	97.51	plasmidfinder	AP001918
/home/ryder/AMR_PROJECT/assemblies/11658_3_11.fa	ERZ3164663.90	1033	1152	ColRNAI_1	13-130/130	.=======/======	2/2	90.77	89.17	plasmidfinder	DQ298019
/home/ryder/AMR_PROJECT/assemblies/11658_3_11.fa	ERZ3164663.95	800	928	ColRNAI_1	1-128/130	========/======	1/1	98.46	82.95	plasmidfinder	DQ298019
