#FILE	SEQUENCE	START	END	GENE	COVERAGE	COVERAGE_MAP	GAPS	%COVERAGE	%IDENTITY	DATABASE	ACCESSION
/home/ryder/AMR_PROJECT/assemblies/11658_4_11.fa	ERZ3164463.102	1104	1553	IncQ1_1	1-450/450	===============	0/0	100.00	100.00	plasmidfinder	HE654726
/home/ryder/AMR_PROJECT/assemblies/11658_4_11.fa	ERZ3164463.105	1073	1334	Col(MG828)_1	1-262/262	===============	0/0	100.00	91.98	plasmidfinder	NC_008486
/home/ryder/AMR_PROJECT/assemblies/11658_4_11.fa	ERZ3164463.32	52672	52826	IncB/O/K/Z_2	1-154/160	========/======	3/3	95.62	94.87	plasmidfinder	GU256641
/home/ryder/AMR_PROJECT/assemblies/11658_4_11.fa	ERZ3164463.35	39286	39546	IncFII(pRSB107)_1_pRSB107	1-261/261	===============	0/0	100.00	100.00	plasmidfinder	AJ851089
/home/ryder/AMR_PROJECT/assemblies/11658_4_11.fa	ERZ3164463.43	30426	30799	IncX4_1	1-374/374	===============	0/0	100.00	100.00	plasmidfinder	CP002895
/home/ryder/AMR_PROJECT/assemblies/11658_4_11.fa	ERZ3164463.52	4667	5309	IncFIB(pB171)_1_pB171	1-643/643	===============	0/0	100.00	99.38	plasmidfinder	AB024946
/home/ryder/AMR_PROJECT/assemblies/11658_4_11.fa	ERZ3164463.69	100	219	ColRNAI_1	13-130/130	.=======/======	2/2	90.77	89.17	plasmidfinder	DQ298019
/home/ryder/AMR_PROJECT/assemblies/11658_4_11.fa	ERZ3164463.80	356	557	Col8282_1	4-205/207	===============	0/0	97.58	89.60	plasmidfinder	DQ995353
