#FILE	SEQUENCE	START	END	GENE	COVERAGE	COVERAGE_MAP	GAPS	%COVERAGE	%IDENTITY	DATABASE	ACCESSION
/home/ryder/AMR_PROJECT/assemblies/11658_4_20.fa	ERZ3164692.140	115	245	ColRNAI_1	1-130/130	========/======	1/1	100.00	87.79	plasmidfinder	DQ298019
/home/ryder/AMR_PROJECT/assemblies/11658_4_20.fa	ERZ3164692.26	1830	2101	IncFIC(FII)_1	1-271/499	========/......	1/1	54.31	95.59	plasmidfinder	AP001918
/home/ryder/AMR_PROJECT/assemblies/11658_4_20.fa	ERZ3164692.51	8259	8940	IncFIB(AP001918)_1	1-682/682	===============	0/0	100.00	98.39	plasmidfinder	AP001918
/home/ryder/AMR_PROJECT/assemblies/11658_4_20.fa	ERZ3164692.59	5296	5449	Col156_1	1-154/154	===============	0/0	100.00	99.35	plasmidfinder	NC_009781
/home/ryder/AMR_PROJECT/assemblies/11658_4_20.fa	ERZ3164692.65	3665	3869	Col8282_1	1-205/207	===============	0/0	99.03	89.76	plasmidfinder	DQ995353
/home/ryder/AMR_PROJECT/assemblies/11658_4_20.fa	ERZ3164692.94	215	476	Col(MG828)_1	1-262/262	===============	0/0	100.00	91.98	plasmidfinder	NC_008486
