#FILE	SEQUENCE	START	END	GENE	COVERAGE	COVERAGE_MAP	GAPS	%COVERAGE	%IDENTITY	DATABASE	ACCESSION
/home/ryder/AMR_PROJECT/assemblies/11657_7_81.fa	ERZ3165914.37	43266	43420	IncB/O/K/Z_2	1-154/160	========/======	1/1	96.25	96.13	plasmidfinder	GU256641
/home/ryder/AMR_PROJECT/assemblies/11657_7_81.fa	ERZ3165914.38	34727	35227	IncFIC(FII)_1	1-499/499	========/======	4/4	99.80	84.06	plasmidfinder	AP001918
/home/ryder/AMR_PROJECT/assemblies/11657_7_81.fa	ERZ3165914.38	47574	47693	ColRNAI_1	13-130/130	.=======/======	2/2	90.77	89.17	plasmidfinder	DQ298019
/home/ryder/AMR_PROJECT/assemblies/11657_7_81.fa	ERZ3165914.85	8506	9148	IncFIB(pB171)_1_pB171	1-643/643	===============	0/0	100.00	99.38	plasmidfinder	AB024946
/home/ryder/AMR_PROJECT/assemblies/11657_7_81.fa	ERZ3165914.92	6993	7146	Col156_1	1-154/154	===============	0/0	100.00	98.70	plasmidfinder	NC_009781
