#FILE	SEQUENCE	START	END	GENE	COVERAGE	COVERAGE_MAP	GAPS	%COVERAGE	%IDENTITY	DATABASE	ACCESSION
/home/ryder/AMR_PROJECT/assemblies/11658_3_13.fa	ERZ3164696.109	1146	1407	Col(MG828)_1	1-262/262	===============	0/0	100.00	93.13	plasmidfinder	NC_008486
/home/ryder/AMR_PROJECT/assemblies/11658_3_13.fa	ERZ3164696.47	1902	2583	IncFIB(AP001918)_1	1-682/682	===============	0/0	100.00	98.39	plasmidfinder	AP001918
/home/ryder/AMR_PROJECT/assemblies/11658_3_13.fa	ERZ3164696.48	6434	6821	IncFIA_1	1-388/388	===============	0/0	100.00	99.74	plasmidfinder	AP001918
/home/ryder/AMR_PROJECT/assemblies/11658_3_13.fa	ERZ3164696.66	6466	6839	IncX4_1	1-374/374	===============	0/0	100.00	100.00	plasmidfinder	CP002895
/home/ryder/AMR_PROJECT/assemblies/11658_3_13.fa	ERZ3164696.76	3	103	Col156_1	1-101/154	==========.....	0/0	65.58	96.04	plasmidfinder	NC_009781
/home/ryder/AMR_PROJECT/assemblies/11658_3_13.fa	ERZ3164696.76	5116	5233	Col156_1	37-154/154	...============	0/0	76.62	93.22	plasmidfinder	NC_009781
/home/ryder/AMR_PROJECT/assemblies/11658_3_13.fa	ERZ3164696.83	3928	4377	IncQ1_1	1-450/450	===============	0/0	100.00	100.00	plasmidfinder	HE654726
/home/ryder/AMR_PROJECT/assemblies/11658_3_13.fa	ERZ3164696.86	3574	3834	IncFII(pRSB107)_1_pRSB107	1-261/261	===============	0/0	100.00	100.00	plasmidfinder	AJ851089
/home/ryder/AMR_PROJECT/assemblies/11658_3_13.fa	ERZ3164696.87	3614	3818	Col8282_1	1-205/207	===============	0/0	99.03	89.27	plasmidfinder	DQ995353
