#FILE	SEQUENCE	START	END	GENE	COVERAGE	COVERAGE_MAP	GAPS	%COVERAGE	%IDENTITY	DATABASE	ACCESSION
/home/ryder/AMR_PROJECT/assemblies/11657_5_85.fa	ERZ3166048.24	19022	19317	IncFIC(FII)_1	1-299/499	========/=.....	3/5	59.12	93.67	plasmidfinder	AP001918
/home/ryder/AMR_PROJECT/assemblies/11657_5_85.fa	ERZ3166048.45	7915	8596	IncFIB(AP001918)_1	1-682/682	===============	0/0	100.00	96.63	plasmidfinder	AP001918
/home/ryder/AMR_PROJECT/assemblies/11657_5_85.fa	ERZ3166048.47	3443	3826	IncFIA_1	5-388/388	===============	0/0	98.97	100.00	plasmidfinder	AP001918
/home/ryder/AMR_PROJECT/assemblies/11657_5_85.fa	ERZ3166048.49	5707	5837	ColRNAI_1	1-130/130	========/======	1/1	100.00	87.79	plasmidfinder	DQ298019
