#FILE	SEQUENCE	START	END	GENE	COVERAGE	COVERAGE_MAP	GAPS	%COVERAGE	%IDENTITY	DATABASE	ACCESSION
/home/ryder/AMR_PROJECT/assemblies/11658_3_90.fa	ERZ3166262.100	141	590	IncQ1_1	1-450/450	===============	0/0	100.00	100.00	plasmidfinder	HE654726
/home/ryder/AMR_PROJECT/assemblies/11658_3_90.fa	ERZ3166262.113	1862	2053	Col(MG828)_1	60-251/262	...============	0/0	73.28	93.75	plasmidfinder	NC_008486
/home/ryder/AMR_PROJECT/assemblies/11658_3_90.fa	ERZ3166262.12	28768	29327	IncFIB(pKPHS1)_1_pKPHS1	1-560/560	========/======	4/8	99.29	76.06	plasmidfinder	CP003223
/home/ryder/AMR_PROJECT/assemblies/11658_3_90.fa	ERZ3166262.39	7911	8065	IncB/O/K/Z_2	1-154/160	========/======	3/3	95.62	94.87	plasmidfinder	GU256641
/home/ryder/AMR_PROJECT/assemblies/11658_3_90.fa	ERZ3166262.45	3389	3647	IncFII(29)_1_pUTI89	1-259/259	===============	0/0	100.00	99.61	plasmidfinder	CP003035
/home/ryder/AMR_PROJECT/assemblies/11658_3_90.fa	ERZ3166262.6	88075	89041	pENTAS02_1	1-979/979	========/======	5/14	98.67	86.94	plasmidfinder	CP003028
/home/ryder/AMR_PROJECT/assemblies/11658_3_90.fa	ERZ3166262.72	4913	5594	IncFIB(AP001918)_1	1-682/682	===============	0/0	100.00	96.63	plasmidfinder	AP001918
/home/ryder/AMR_PROJECT/assemblies/11658_3_90.fa	ERZ3166262.80	6673	6814	Col156_1	13-154/154	.==============	0/0	92.21	98.59	plasmidfinder	NC_009781
/home/ryder/AMR_PROJECT/assemblies/11658_3_90.fa	ERZ3166262.94	4984	5137	Col156_1	1-154/154	===============	0/0	100.00	94.81	plasmidfinder	NC_009781
