#FILE	SEQUENCE	START	END	GENE	COVERAGE	COVERAGE_MAP	GAPS	%COVERAGE	%IDENTITY	DATABASE	ACCESSION
/home/ryder/AMR_PROJECT/assemblies/11657_6_13.fa	ERZ3164606.43	13782	14463	IncFIB(AP001918)_1	1-682/682	===============	0/0	100.00	96.63	plasmidfinder	AP001918
/home/ryder/AMR_PROJECT/assemblies/11657_6_13.fa	ERZ3164606.47	10353	10851	IncFIC(FII)_1	1-499/499	========/======	5/6	99.40	84.26	plasmidfinder	AP001918
/home/ryder/AMR_PROJECT/assemblies/11657_6_13.fa	ERZ3164606.56	5162	5315	Col156_1	1-154/154	===============	0/0	100.00	94.81	plasmidfinder	NC_009781
/home/ryder/AMR_PROJECT/assemblies/11657_6_13.fa	ERZ3164606.75	254	458	Col8282_1	1-205/207	===============	0/0	99.03	89.27	plasmidfinder	DQ995353
/home/ryder/AMR_PROJECT/assemblies/11657_6_13.fa	ERZ3164606.77	3080	3233	Col156_1	1-154/154	===============	0/0	100.00	94.81	plasmidfinder	NC_009781
