#FILE	SEQUENCE	START	END	GENE	COVERAGE	COVERAGE_MAP	GAPS	%COVERAGE	%IDENTITY	DATABASE	ACCESSION
/home/ryder/AMR_PROJECT/assemblies/11657_6_74.fa	ERZ3165948.46	13755	14013	IncFII(29)_1_pUTI89	1-259/259	===============	0/0	100.00	100.00	plasmidfinder	CP003035
/home/ryder/AMR_PROJECT/assemblies/11657_6_74.fa	ERZ3165948.77	3886	3968	ColRNAI_1	49-130/130	.....===/======	1/1	63.08	86.75	plasmidfinder	DQ298019
/home/ryder/AMR_PROJECT/assemblies/11657_6_74.fa	ERZ3165948.91	1	99	Col(MG828)_1	164-262/262	.........======	0/0	37.79	92.93	plasmidfinder	NC_008486
/home/ryder/AMR_PROJECT/assemblies/11657_6_74.fa	ERZ3165948.91	2150	2377	Col(MG828)_1	1-230/262	========/=====.	5/6	86.26	86.21	plasmidfinder	NC_008486
