#FILE	SEQUENCE	START	END	GENE	COVERAGE	COVERAGE_MAP	GAPS	%COVERAGE	%IDENTITY	DATABASE	ACCESSION
/home/ryder/AMR_PROJECT/assemblies/11658_5_10.fa	ERZ3164344.19	14833	14972	IncI1_1_Alpha	1-138/142	========/======	2/2	97.18	90.71	plasmidfinder	AP005147
/home/ryder/AMR_PROJECT/assemblies/11658_5_10.fa	ERZ3164344.66	10581	11262	IncFIB(AP001918)_1	1-682/682	===============	0/0	100.00	96.63	plasmidfinder	AP001918
/home/ryder/AMR_PROJECT/assemblies/11658_5_10.fa	ERZ3164344.68	10447	10705	IncFII(29)_1_pUTI89	1-259/259	===============	0/0	100.00	99.61	plasmidfinder	CP003035
/home/ryder/AMR_PROJECT/assemblies/11658_5_10.fa	ERZ3164344.75	6820	6961	Col156_1	13-154/154	.==============	0/0	92.21	98.59	plasmidfinder	NC_009781
/home/ryder/AMR_PROJECT/assemblies/11658_5_10.fa	ERZ3164344.82	281	794	IncN_1	1-514/514	===============	0/0	100.00	100.00	plasmidfinder	AY046276
