#FILE	SEQUENCE	START	END	GENE	COVERAGE	COVERAGE_MAP	GAPS	%COVERAGE	%IDENTITY	DATABASE	ACCESSION
/home/ryder/AMR_PROJECT/assemblies/11658_3_36.fa	ERZ3165433.18	84825	85384	IncFIB(pKPHS1)_1_pKPHS1	1-560/560	========/======	4/8	99.29	76.24	plasmidfinder	CP003223
/home/ryder/AMR_PROJECT/assemblies/11658_3_36.fa	ERZ3165433.34	31240	31716	IncN3_1	1-477/477	===============	0/0	100.00	99.79	plasmidfinder	EF219134
/home/ryder/AMR_PROJECT/assemblies/11658_3_36.fa	ERZ3165433.53	1902	2583	IncFIB(AP001918)_1	1-682/682	===============	0/0	100.00	98.39	plasmidfinder	AP001918
/home/ryder/AMR_PROJECT/assemblies/11658_3_36.fa	ERZ3165433.55	6073	6456	IncFIA_1	5-388/388	===============	0/0	98.97	99.74	plasmidfinder	AP001918
/home/ryder/AMR_PROJECT/assemblies/11658_3_36.fa	ERZ3165433.58	7516	8016	IncFIC(FII)_1	1-499/499	========/======	4/4	99.80	84.06	plasmidfinder	AP001918
