#FILE	SEQUENCE	START	END	GENE	COVERAGE	COVERAGE_MAP	GAPS	%COVERAGE	%IDENTITY	DATABASE	ACCESSION
/home/ryder/AMR_PROJECT/assemblies/11658_4_3.fa	ERZ3164305.47	26573	26833	IncFII_1	1-261/261	===============	0/0	100.00	100.00	plasmidfinder	AY458016
/home/ryder/AMR_PROJECT/assemblies/11658_4_3.fa	ERZ3164305.57	12371	13052	IncFIB(AP001918)_1	1-682/682	===============	0/0	100.00	96.63	plasmidfinder	AP001918
/home/ryder/AMR_PROJECT/assemblies/11658_4_3.fa	ERZ3164305.63	3169	3310	Col156_1	13-154/154	.==============	0/0	92.21	98.59	plasmidfinder	NC_009781
/home/ryder/AMR_PROJECT/assemblies/11658_4_3.fa	ERZ3164305.80	4981	5134	Col156_1	1-154/154	===============	0/0	100.00	94.81	plasmidfinder	NC_009781
/home/ryder/AMR_PROJECT/assemblies/11658_4_3.fa	ERZ3164305.84	141	590	IncQ1_1	1-450/450	===============	0/0	100.00	100.00	plasmidfinder	HE654726
/home/ryder/AMR_PROJECT/assemblies/11658_4_3.fa	ERZ3164305.88	362	620	IncFII(29)_1_pUTI89	1-259/259	===============	0/0	100.00	99.61	plasmidfinder	CP003035
