#FILE	SEQUENCE	START	END	GENE	COVERAGE	COVERAGE_MAP	GAPS	%COVERAGE	%IDENTITY	DATABASE	ACCESSION
/home/ryder/AMR_PROJECT/assemblies/11658_3_91.fa	ERZ3166270.102	216	474	Col(MG828)_1	1-260/262	========/======	1/1	98.85	95.39	plasmidfinder	NC_008486
/home/ryder/AMR_PROJECT/assemblies/11658_3_91.fa	ERZ3166270.214	163	274	ColRNAI_1	1-112/130	=============..	0/0	86.15	90.18	plasmidfinder	DQ298019
/home/ryder/AMR_PROJECT/assemblies/11658_3_91.fa	ERZ3166270.23	7259	7519	IncFII_1	1-261/261	===============	0/0	100.00	100.00	plasmidfinder	AY458016
/home/ryder/AMR_PROJECT/assemblies/11658_3_91.fa	ERZ3166270.43	15634	16206	IncFII(pCRY)_1_pCRY	19-591/593	===============	0/0	96.63	79.23	plasmidfinder	NC_005814
/home/ryder/AMR_PROJECT/assemblies/11658_3_91.fa	ERZ3166270.43	16675	16824	Col(MG828)_1	109-255/262	.....===/======	3/3	56.11	77.33	plasmidfinder	NC_008486
/home/ryder/AMR_PROJECT/assemblies/11658_3_91.fa	ERZ3166270.59	1902	2583	IncFIB(AP001918)_1	1-682/682	===============	0/0	100.00	98.39	plasmidfinder	AP001918
/home/ryder/AMR_PROJECT/assemblies/11658_3_91.fa	ERZ3166270.73	4928	5012	ColRNAI_1	47-130/130	.....===/======	1/1	64.62	85.88	plasmidfinder	DQ298019
/home/ryder/AMR_PROJECT/assemblies/11658_3_91.fa	ERZ3166270.75	3929	4378	IncQ1_1	1-450/450	===============	0/0	100.00	100.00	plasmidfinder	HE654726
/home/ryder/AMR_PROJECT/assemblies/11658_3_91.fa	ERZ3166270.78	254	458	Col8282_1	1-205/207	===============	0/0	99.03	89.27	plasmidfinder	DQ995353
/home/ryder/AMR_PROJECT/assemblies/11658_3_91.fa	ERZ3166270.79	3853	3937	ColRNAI_1	47-130/130	.....===/======	1/1	64.62	88.23	plasmidfinder	DQ298019
