#FILE	SEQUENCE	START	END	GENE	COVERAGE	COVERAGE_MAP	GAPS	%COVERAGE	%IDENTITY	DATABASE	ACCESSION
/home/ryder/AMR_PROJECT/assemblies/11658_3_86.fa	ERZ3166161.46	1203	1463	IncFII(pRSB107)_1_pRSB107	1-261/261	===============	0/0	100.00	100.00	plasmidfinder	AJ851089
/home/ryder/AMR_PROJECT/assemblies/11658_3_86.fa	ERZ3166161.46	9317	9998	IncFIB(AP001918)_1	1-682/682	===============	0/0	100.00	97.95	plasmidfinder	AP001918
/home/ryder/AMR_PROJECT/assemblies/11658_3_86.fa	ERZ3166161.50	4793	5180	IncFIA_1	1-388/388	===============	0/0	100.00	100.00	plasmidfinder	AP001918
/home/ryder/AMR_PROJECT/assemblies/11658_3_86.fa	ERZ3166161.54	975	1105	ColRNAI_1	1-130/130	========/======	1/1	100.00	88.55	plasmidfinder	DQ298019
/home/ryder/AMR_PROJECT/assemblies/11658_3_86.fa	ERZ3166161.68	266	523	Col(MG828)_1	1-258/262	===============	0/0	98.47	94.19	plasmidfinder	NC_008486
