#FILE	SEQUENCE	START	END	GENE	COVERAGE	COVERAGE_MAP	GAPS	%COVERAGE	%IDENTITY	DATABASE	ACCESSION
/home/ryder/AMR_PROJECT/assemblies/11658_3_1.fa	ERZ3164368.23	59752	59893	IncI1_1_Alpha	1-142/142	===============	0/0	100.00	99.30	plasmidfinder	AP005147
/home/ryder/AMR_PROJECT/assemblies/11658_3_1.fa	ERZ3164368.54	1284	1476	ColpVC_1	1-193/193	===============	0/0	100.00	98.96	plasmidfinder	JX133088
/home/ryder/AMR_PROJECT/assemblies/11658_3_1.fa	ERZ3164368.57	1428	1687	Col(MG828)_1	1-260/262	===============	0/0	99.24	96.92	plasmidfinder	NC_008486
/home/ryder/AMR_PROJECT/assemblies/11658_3_1.fa	ERZ3164368.60	1	179	Col(MG828)_1	84-262/262	....===========	0/0	68.32	92.18	plasmidfinder	NC_008486
/home/ryder/AMR_PROJECT/assemblies/11658_3_1.fa	ERZ3164368.60	1378	1527	Col(MG828)_1	1-150/262	=========......	0/0	57.25	93.33	plasmidfinder	NC_008486
