#FILE	SEQUENCE	START	END	GENE	COVERAGE	COVERAGE_MAP	GAPS	%COVERAGE	%IDENTITY	DATABASE	ACCESSION
/home/ryder/AMR_PROJECT/assemblies/11657_5_89.fa	ERZ3166072.109	502	694	Col(BS512)_1__NC_010656_dupe	1-193/193	===============	0/0	100.00	100.00	plasmidfinder	
/home/ryder/AMR_PROJECT/assemblies/11657_5_89.fa	ERZ3166072.109	766	998	Col(BS512)_1	1-233/233	===============	0/0	100.00	100.00	plasmidfinder	NC_010656
/home/ryder/AMR_PROJECT/assemblies/11657_5_89.fa	ERZ3166072.178	30	291	Col(MG828)_1	1-262/262	===============	0/0	100.00	93.51	plasmidfinder	NC_008486
/home/ryder/AMR_PROJECT/assemblies/11657_5_89.fa	ERZ3166072.39	13447	13834	IncFIA_1	1-388/388	===============	0/0	100.00	99.74	plasmidfinder	AP001918
/home/ryder/AMR_PROJECT/assemblies/11657_5_89.fa	ERZ3166072.41	6307	6988	IncFIB(AP001918)_1	1-682/682	===============	0/0	100.00	98.24	plasmidfinder	AP001918
/home/ryder/AMR_PROJECT/assemblies/11657_5_89.fa	ERZ3166072.55	9714	10425	IncX4_2	1-712/712	===============	0/0	100.00	100.00	plasmidfinder	FN543504
/home/ryder/AMR_PROJECT/assemblies/11657_5_89.fa	ERZ3166072.55	11145	11286	Col(MG828)_1	4-156/262	========/=.....	2/11	54.20	76.47	plasmidfinder	NC_008486
/home/ryder/AMR_PROJECT/assemblies/11657_5_89.fa	ERZ3166072.71	6452	6689	IncFII(pRSB107)_1_pRSB107	1-238/261	==============.	0/0	91.19	97.90	plasmidfinder	AJ851089
/home/ryder/AMR_PROJECT/assemblies/11657_5_89.fa	ERZ3166072.73	5682	6195	IncN_1	1-514/514	===============	0/0	100.00	99.22	plasmidfinder	AY046276
