#FILE	SEQUENCE	START	END	GENE	COVERAGE	COVERAGE_MAP	GAPS	%COVERAGE	%IDENTITY	DATABASE	ACCESSION
/home/ryder/AMR_PROJECT/assemblies/11658_3_33.fa	ERZ3165352.23	54978	55659	IncFIB(AP001918)_1	1-682/682	===============	0/0	100.00	97.36	plasmidfinder	AP001918
/home/ryder/AMR_PROJECT/assemblies/11658_3_33.fa	ERZ3165352.31	24879	25328	IncQ1_1	1-450/450	===============	0/0	100.00	100.00	plasmidfinder	HE654726
/home/ryder/AMR_PROJECT/assemblies/11658_3_33.fa	ERZ3165352.37	152	412	IncFII(pCoo)_1_pCoo	1-262/262	========/======	1/1	99.62	96.95	plasmidfinder	CR942285
/home/ryder/AMR_PROJECT/assemblies/11658_3_33.fa	ERZ3165352.43	8330	8601	IncFIC(FII)_1	1-271/499	========/......	1/1	54.31	95.96	plasmidfinder	AP001918
