#FILE	SEQUENCE	START	END	GENE	COVERAGE	COVERAGE_MAP	GAPS	%COVERAGE	%IDENTITY	DATABASE	ACCESSION
/home/ryder/AMR_PROJECT/assemblies/11658_3_34.fa	ERZ3165401.41	11078	11650	IncFII(pCRY)_1_pCRY	19-591/593	===============	0/0	96.63	79.23	plasmidfinder	NC_005814
/home/ryder/AMR_PROJECT/assemblies/11658_3_34.fa	ERZ3165401.41	12119	12268	Col(MG828)_1	109-255/262	.....===/======	3/3	56.11	77.33	plasmidfinder	NC_008486
/home/ryder/AMR_PROJECT/assemblies/11658_3_34.fa	ERZ3165401.47	1830	2101	IncFIC(FII)_1	1-271/499	========/......	1/1	54.31	95.96	plasmidfinder	AP001918
/home/ryder/AMR_PROJECT/assemblies/11658_3_34.fa	ERZ3165401.51	7177	7858	IncFIB(AP001918)_1	1-682/682	===============	0/0	100.00	98.39	plasmidfinder	AP001918
/home/ryder/AMR_PROJECT/assemblies/11658_3_34.fa	ERZ3165401.58	2667	2797	ColRNAI_1	1-130/130	========/======	1/1	100.00	87.79	plasmidfinder	DQ298019
/home/ryder/AMR_PROJECT/assemblies/11658_3_34.fa	ERZ3165401.69	1355	1508	Col156_1	1-154/154	===============	0/0	100.00	94.16	plasmidfinder	NC_009781
