#FILE	SEQUENCE	START	END	GENE	COVERAGE	COVERAGE_MAP	GAPS	%COVERAGE	%IDENTITY	DATABASE	ACCESSION
/home/ryder/AMR_PROJECT/assemblies/11658_4_93.fa	ERZ3166146.102	6069	6452	IncFIA_1	5-388/388	===============	0/0	98.97	99.74	plasmidfinder	AP001918
/home/ryder/AMR_PROJECT/assemblies/11658_4_93.fa	ERZ3166146.113	1898	2579	IncFIB(AP001918)_1	1-682/682	===============	0/0	100.00	97.65	plasmidfinder	AP001918
/home/ryder/AMR_PROJECT/assemblies/11658_4_93.fa	ERZ3166146.129	4390	4543	Col156_1	1-154/154	===============	0/0	100.00	94.81	plasmidfinder	NC_009781
/home/ryder/AMR_PROJECT/assemblies/11658_4_93.fa	ERZ3166146.138	355	559	Col8282_1	1-205/207	===============	0/0	99.03	89.76	plasmidfinder	DQ995353
/home/ryder/AMR_PROJECT/assemblies/11658_4_93.fa	ERZ3166146.143	3549	3660	IncFIC(FII)_1	188-299/499	.....====......	0/0	22.44	89.29	plasmidfinder	AP001918
/home/ryder/AMR_PROJECT/assemblies/11658_4_93.fa	ERZ3166146.184	1	314	IncFIC(FII)_1	188-499/499	.....===/======	4/4	62.32	77.78	plasmidfinder	AP001918
/home/ryder/AMR_PROJECT/assemblies/11658_4_93.fa	ERZ3166146.238	312	565	IncFIC(FII)_1	1-254/499	========.......	0/0	50.90	96.06	plasmidfinder	AP001918
/home/ryder/AMR_PROJECT/assemblies/11658_4_93.fa	ERZ3166146.58	13818	14402	IncFII(pCRY)_1_pCRY	9-591/593	========/======	1/2	98.31	78.12	plasmidfinder	NC_005814
/home/ryder/AMR_PROJECT/assemblies/11658_4_93.fa	ERZ3166146.58	14850	14988	Col(MG828)_1	120-258/262	......==/======	2/2	52.67	82.14	plasmidfinder	NC_008486
/home/ryder/AMR_PROJECT/assemblies/11658_4_93.fa	ERZ3166146.58	29183	29321	Col(MG828)_1	120-258/262	......==/======	2/2	52.67	80.71	plasmidfinder	NC_008486
/home/ryder/AMR_PROJECT/assemblies/11658_4_93.fa	ERZ3166146.58	30039	30177	Col(MG828)_1	120-258/262	......==/======	2/2	52.67	82.14	plasmidfinder	NC_008486
/home/ryder/AMR_PROJECT/assemblies/11658_4_93.fa	ERZ3166146.97	3698	3839	Col156_1	13-154/154	.==============	0/0	92.21	98.59	plasmidfinder	NC_009781
