#FILE	SEQUENCE	START	END	GENE	COVERAGE	COVERAGE_MAP	GAPS	%COVERAGE	%IDENTITY	DATABASE	ACCESSION
/home/ryder/AMR_PROJECT/assemblies/11657_6_86.fa	ERZ3166123.37	12366	12663	IncFIC(FII)_1	1-299/499	========/=.....	3/3	59.52	90.67	plasmidfinder	AP001918
/home/ryder/AMR_PROJECT/assemblies/11657_6_86.fa	ERZ3166123.48	7177	7858	IncFIB(AP001918)_1	1-682/682	===============	0/0	100.00	98.24	plasmidfinder	AP001918
/home/ryder/AMR_PROJECT/assemblies/11657_6_86.fa	ERZ3166123.52	4664	4823	IncB/O/K/Z_2	1-160/160	===============	0/0	100.00	100.00	plasmidfinder	GU256641
/home/ryder/AMR_PROJECT/assemblies/11657_6_86.fa	ERZ3166123.59	3789	3908	ColRNAI_1	13-130/130	.=======/======	2/2	90.77	89.17	plasmidfinder	DQ298019
