#FILE	SEQUENCE	START	END	GENE	COVERAGE	COVERAGE_MAP	GAPS	%COVERAGE	%IDENTITY	DATABASE	ACCESSION
/home/ryder/AMR_PROJECT/assemblies/11657_5_19.fa	ERZ3164688.25	45578	45836	IncFII(29)_1_pUTI89	1-259/259	===============	0/0	100.00	99.61	plasmidfinder	CP003035
/home/ryder/AMR_PROJECT/assemblies/11657_5_19.fa	ERZ3164688.39	9539	9692	Col156_1	1-154/154	===============	0/0	100.00	98.70	plasmidfinder	NC_009781
/home/ryder/AMR_PROJECT/assemblies/11657_5_19.fa	ERZ3164688.50	10102	10783	IncFIB(AP001918)_1	1-682/682	===============	0/0	100.00	96.63	plasmidfinder	AP001918
/home/ryder/AMR_PROJECT/assemblies/11657_5_19.fa	ERZ3164688.79	1697	1827	ColRNAI_1	1-130/130	========/======	1/1	100.00	88.55	plasmidfinder	DQ298019
