#FILE	SEQUENCE	START	END	GENE	COVERAGE	COVERAGE_MAP	GAPS	%COVERAGE	%IDENTITY	DATABASE	ACCESSION
/home/ryder/AMR_PROJECT/assemblies/11658_5_30.fa	ERZ3164462.24	62465	62623	IncB/O/K/Z_2	1-158/160	========/======	2/3	98.12	95.00	plasmidfinder	GU256641
/home/ryder/AMR_PROJECT/assemblies/11658_5_30.fa	ERZ3164462.41	8190	8871	IncFIB(AP001918)_1	1-682/682	===============	0/0	100.00	96.63	plasmidfinder	AP001918
/home/ryder/AMR_PROJECT/assemblies/11658_5_30.fa	ERZ3164462.45	12201	12459	IncFII(29)_1_pUTI89	1-259/259	===============	0/0	100.00	99.61	plasmidfinder	CP003035
/home/ryder/AMR_PROJECT/assemblies/11658_5_30.fa	ERZ3164462.47	9539	9692	Col156_1	1-154/154	===============	0/0	100.00	98.70	plasmidfinder	NC_009781
