#FILE	SEQUENCE	START	END	GENE	COVERAGE	COVERAGE_MAP	GAPS	%COVERAGE	%IDENTITY	DATABASE	ACCESSION
/home/ryder/AMR_PROJECT/assemblies/11658_4_27.fa	ERZ3164908.107	1418	1569	Col156_1	1-152/154	===============	0/0	98.70	90.79	plasmidfinder	NC_009781
/home/ryder/AMR_PROJECT/assemblies/11658_4_27.fa	ERZ3164908.108	597	716	ColRNAI_1	13-130/130	.=======/======	2/2	90.77	89.17	plasmidfinder	DQ298019
/home/ryder/AMR_PROJECT/assemblies/11658_4_27.fa	ERZ3164908.123	337	543	Col8282_1	1-207/207	===============	0/0	100.00	100.00	plasmidfinder	DQ995353
/home/ryder/AMR_PROJECT/assemblies/11658_4_27.fa	ERZ3164908.135	2487	2986	IncFIC(FII)_1	1-499/499	========/======	3/3	99.80	94.01	plasmidfinder	AP001918
/home/ryder/AMR_PROJECT/assemblies/11658_4_27.fa	ERZ3164908.169	1156	1605	IncQ1_1	1-450/450	===============	0/0	100.00	100.00	plasmidfinder	HE654726
/home/ryder/AMR_PROJECT/assemblies/11658_4_27.fa	ERZ3164908.174	1073	1334	Col(MG828)_1	1-262/262	===============	0/0	100.00	91.98	plasmidfinder	NC_008486
/home/ryder/AMR_PROJECT/assemblies/11658_4_27.fa	ERZ3164908.27	11527	11682	IncB/O/K/Z_2	1-154/160	========/======	2/2	96.25	96.15	plasmidfinder	GU256641
/home/ryder/AMR_PROJECT/assemblies/11658_4_27.fa	ERZ3164908.79	13887	14385	IncFIC(FII)_1	1-499/499	========/======	5/6	99.40	84.46	plasmidfinder	AP001918
/home/ryder/AMR_PROJECT/assemblies/11658_4_27.fa	ERZ3164908.86	8028	8181	Col156_1	1-154/154	===============	0/0	100.00	94.81	plasmidfinder	NC_009781
/home/ryder/AMR_PROJECT/assemblies/11658_4_27.fa	ERZ3164908.87	8651	9332	IncFIB(AP001918)_1	1-682/682	===============	0/0	100.00	96.63	plasmidfinder	AP001918
