#FILE	SEQUENCE	START	END	GENE	COVERAGE	COVERAGE_MAP	GAPS	%COVERAGE	%IDENTITY	DATABASE	ACCESSION
/home/ryder/AMR_PROJECT/assemblies/11657_6_55.fa	ERZ3165596.105	214	475	Col(MG828)_1	1-262/262	===============	0/0	100.00	93.51	plasmidfinder	NC_008486
/home/ryder/AMR_PROJECT/assemblies/11657_6_55.fa	ERZ3165596.27	58496	58992	IncFIC(FII)_1	1-499/499	========/======	1/2	99.60	95.59	plasmidfinder	AP001918
/home/ryder/AMR_PROJECT/assemblies/11657_6_55.fa	ERZ3165596.68	2506	3187	IncFIB(AP001918)_1	1-682/682	===============	0/0	100.00	99.27	plasmidfinder	AP001918
/home/ryder/AMR_PROJECT/assemblies/11657_6_55.fa	ERZ3165596.76	4664	4794	ColRNAI_1	1-130/130	========/======	1/1	100.00	88.55	plasmidfinder	DQ298019
