#FILE	SEQUENCE	START	END	GENE	COVERAGE	COVERAGE_MAP	GAPS	%COVERAGE	%IDENTITY	DATABASE	ACCESSION
/home/ryder/AMR_PROJECT/assemblies/11658_4_96.fa	ERZ3166275.23	45537	45795	IncFII(29)_1_pUTI89	1-259/259	===============	0/0	100.00	99.61	plasmidfinder	CP003035
/home/ryder/AMR_PROJECT/assemblies/11658_4_96.fa	ERZ3166275.31	8426	9107	IncFIB(AP001918)_1	1-682/682	===============	0/0	100.00	96.63	plasmidfinder	AP001918
/home/ryder/AMR_PROJECT/assemblies/11658_4_96.fa	ERZ3166275.41	3638	3791	Col156_1	1-154/154	===============	0/0	100.00	98.70	plasmidfinder	NC_009781
/home/ryder/AMR_PROJECT/assemblies/11658_4_96.fa	ERZ3166275.44	2590	2720	ColRNAI_1	1-130/130	========/======	1/1	100.00	87.79	plasmidfinder	DQ298019
/home/ryder/AMR_PROJECT/assemblies/11658_4_96.fa	ERZ3166275.62	2000	2259	Col(MG828)_1	1-262/262	========/======	5/6	98.47	85.98	plasmidfinder	NC_008486
/home/ryder/AMR_PROJECT/assemblies/11658_4_96.fa	ERZ3166275.63	38	230	Col(BS512)_1__NC_010656_dupe	1-193/193	===============	0/0	100.00	100.00	plasmidfinder	
/home/ryder/AMR_PROJECT/assemblies/11658_4_96.fa	ERZ3166275.63	302	531	Col(BS512)_1	1-233/233	========/======	1/3	98.71	78.11	plasmidfinder	NC_010656
/home/ryder/AMR_PROJECT/assemblies/11658_4_96.fa	ERZ3166275.92	182	443	Col(MG828)_1	1-262/262	===============	0/0	100.00	93.13	plasmidfinder	NC_008486
