#FILE	SEQUENCE	START	END	GENE	COVERAGE	COVERAGE_MAP	GAPS	%COVERAGE	%IDENTITY	DATABASE	ACCESSION
/home/ryder/AMR_PROJECT/assemblies/11658_4_52.fa	ERZ3165376.111	502	694	Col(BS512)_1__NC_010656_dupe	1-193/193	===============	0/0	100.00	100.00	plasmidfinder	
/home/ryder/AMR_PROJECT/assemblies/11658_4_52.fa	ERZ3165376.111	766	998	Col(BS512)_1	1-233/233	===============	0/0	100.00	100.00	plasmidfinder	NC_010656
/home/ryder/AMR_PROJECT/assemblies/11658_4_52.fa	ERZ3165376.120	295	556	Col(MG828)_1	1-262/262	===============	0/0	100.00	93.13	plasmidfinder	NC_008486
/home/ryder/AMR_PROJECT/assemblies/11658_4_52.fa	ERZ3165376.126	1032	1337	IncFIC(FII)_1	196-499/499	.....===/======	4/4	60.72	77.20	plasmidfinder	AP001918
/home/ryder/AMR_PROJECT/assemblies/11658_4_52.fa	ERZ3165376.154	1	262	IncFIC(FII)_1	1-261/499	========/......	1/1	52.30	95.42	plasmidfinder	AP001918
/home/ryder/AMR_PROJECT/assemblies/11658_4_52.fa	ERZ3165376.36	35770	36143	IncX1_1	1-374/374	===============	0/0	100.00	98.93	plasmidfinder	EU370913
/home/ryder/AMR_PROJECT/assemblies/11658_4_52.fa	ERZ3165376.48	13466	13853	IncFIA_1	1-388/388	===============	0/0	100.00	99.74	plasmidfinder	AP001918
/home/ryder/AMR_PROJECT/assemblies/11658_4_52.fa	ERZ3165376.59	16733	17414	IncFIB(AP001918)_1	1-682/682	===============	0/0	100.00	97.65	plasmidfinder	AP001918
/home/ryder/AMR_PROJECT/assemblies/11658_4_52.fa	ERZ3165376.91	3691	3895	Col8282_1	1-205/207	===============	0/0	99.03	89.76	plasmidfinder	DQ995353
/home/ryder/AMR_PROJECT/assemblies/11658_4_52.fa	ERZ3165376.94	1	105	IncFIC(FII)_1	196-299/499	.....===/=.....	1/1	20.84	87.62	plasmidfinder	AP001918
