#FILE	SEQUENCE	START	END	GENE	COVERAGE	COVERAGE_MAP	GAPS	%COVERAGE	%IDENTITY	DATABASE	ACCESSION
/home/ryder/AMR_PROJECT/assemblies/11658_4_36.fa	ERZ3164991.29	13885	14143	IncFII(29)_1_pUTI89	1-259/259	===============	0/0	100.00	99.61	plasmidfinder	CP003035
/home/ryder/AMR_PROJECT/assemblies/11658_4_36.fa	ERZ3164991.38	6208	6889	IncFIB(AP001918)_1	1-682/682	===============	0/0	100.00	96.63	plasmidfinder	AP001918
/home/ryder/AMR_PROJECT/assemblies/11658_4_36.fa	ERZ3164991.48	3705	3858	Col156_1	1-154/154	===============	0/0	100.00	98.70	plasmidfinder	NC_009781
/home/ryder/AMR_PROJECT/assemblies/11658_4_36.fa	ERZ3164991.88	1	230	Col(MG828)_1	1-232/262	========/=====.	5/6	87.02	86.33	plasmidfinder	NC_008486
/home/ryder/AMR_PROJECT/assemblies/11658_4_36.fa	ERZ3164991.88	2281	2377	Col(MG828)_1	166-262/262	.........======	0/0	37.02	92.78	plasmidfinder	NC_008486
/home/ryder/AMR_PROJECT/assemblies/11658_4_36.fa	ERZ3164991.99	286	547	Col(MG828)_1	1-262/262	===============	0/0	100.00	91.98	plasmidfinder	NC_008486
