#FILE	SEQUENCE	START	END	GENE	COVERAGE	COVERAGE_MAP	GAPS	%COVERAGE	%IDENTITY	DATABASE	ACCESSION
/home/ryder/AMR_PROJECT/assemblies/11657_7_82.fa	ERZ3165935.18	14032	14191	IncB/O/K/Z_2	1-160/160	===============	0/0	100.00	100.00	plasmidfinder	GU256641
/home/ryder/AMR_PROJECT/assemblies/11657_7_82.fa	ERZ3165935.34	35973	36346	IncX1_1	1-374/374	===============	0/0	100.00	97.86	plasmidfinder	EU370913
/home/ryder/AMR_PROJECT/assemblies/11657_7_82.fa	ERZ3165935.55	4019	4149	ColRNAI_1	1-130/130	========/======	1/1	100.00	88.55	plasmidfinder	DQ298019
/home/ryder/AMR_PROJECT/assemblies/11657_7_82.fa	ERZ3165935.59	4156	4286	ColRNAI_1	1-130/130	========/======	1/1	100.00	83.21	plasmidfinder	DQ298019
