#FILE	SEQUENCE	START	END	GENE	COVERAGE	COVERAGE_MAP	GAPS	%COVERAGE	%IDENTITY	DATABASE	ACCESSION
/home/ryder/AMR_PROJECT/assemblies/11657_5_71.fa	ERZ3165777.101	2502	2632	ColRNAI_1	1-130/130	========/======	1/1	100.00	88.55	plasmidfinder	DQ298019
/home/ryder/AMR_PROJECT/assemblies/11657_5_71.fa	ERZ3165777.108	1418	1569	Col156_1	1-152/154	===============	0/0	98.70	90.79	plasmidfinder	NC_009781
/home/ryder/AMR_PROJECT/assemblies/11657_5_71.fa	ERZ3165777.112	945	1098	Col156_1	1-154/154	===============	0/0	100.00	94.81	plasmidfinder	NC_009781
/home/ryder/AMR_PROJECT/assemblies/11657_5_71.fa	ERZ3165777.115	971	1090	ColRNAI_1	13-130/130	.=======/======	2/2	90.77	89.17	plasmidfinder	DQ298019
/home/ryder/AMR_PROJECT/assemblies/11657_5_71.fa	ERZ3165777.116	3370	3500	ColRNAI_1	1-130/130	========/======	1/1	100.00	87.02	plasmidfinder	DQ298019
/home/ryder/AMR_PROJECT/assemblies/11657_5_71.fa	ERZ3165777.145	178	368	ColpVC_1	1-191/193	===============	0/0	98.96	96.86	plasmidfinder	JX133088
/home/ryder/AMR_PROJECT/assemblies/11657_5_71.fa	ERZ3165777.147	341	533	Col(MP18)_1	1-193/193	===============	0/0	100.00	100.00	plasmidfinder	NC_013652
/home/ryder/AMR_PROJECT/assemblies/11657_5_71.fa	ERZ3165777.149	1077	1338	Col(MG828)_1	1-262/262	===============	0/0	100.00	93.51	plasmidfinder	NC_008486
/home/ryder/AMR_PROJECT/assemblies/11657_5_71.fa	ERZ3165777.36	32416	32676	IncFII_1	1-261/261	===============	0/0	100.00	100.00	plasmidfinder	AY458016
/home/ryder/AMR_PROJECT/assemblies/11657_5_71.fa	ERZ3165777.50	2232	2605	IncX4_1	1-374/374	===============	0/0	100.00	100.00	plasmidfinder	CP002895
/home/ryder/AMR_PROJECT/assemblies/11657_5_71.fa	ERZ3165777.52	13836	14420	IncFII(pCRY)_1_pCRY	9-591/593	========/======	1/2	98.31	77.95	plasmidfinder	NC_005814
/home/ryder/AMR_PROJECT/assemblies/11657_5_71.fa	ERZ3165777.52	14868	15006	Col(MG828)_1	120-258/262	......==/======	2/2	52.67	82.14	plasmidfinder	NC_008486
/home/ryder/AMR_PROJECT/assemblies/11657_5_71.fa	ERZ3165777.52	28879	29017	Col(MG828)_1	120-258/262	......==/======	2/2	52.67	80.71	plasmidfinder	NC_008486
/home/ryder/AMR_PROJECT/assemblies/11657_5_71.fa	ERZ3165777.52	29735	29873	Col(MG828)_1	120-258/262	......==/======	2/2	52.67	82.14	plasmidfinder	NC_008486
