#FILE	SEQUENCE	START	END	GENE	COVERAGE	COVERAGE_MAP	GAPS	%COVERAGE	%IDENTITY	DATABASE	ACCESSION
/home/ryder/AMR_PROJECT/assemblies/11657_7_2.fa	ERZ3164590.121	215	476	Col(MG828)_1	1-262/262	===============	0/0	100.00	91.98	plasmidfinder	NC_008486
/home/ryder/AMR_PROJECT/assemblies/11657_7_2.fa	ERZ3164590.142	617	888	IncFIC(FII)_1	1-271/499	========/......	1/1	54.31	95.96	plasmidfinder	AP001918
/home/ryder/AMR_PROJECT/assemblies/11657_7_2.fa	ERZ3164590.143	617	877	IncFII(pCoo)_1_pCoo	1-262/262	========/======	1/1	99.62	96.56	plasmidfinder	CR942285
/home/ryder/AMR_PROJECT/assemblies/11657_7_2.fa	ERZ3164590.44	213	362	Col(MG828)_1	109-255/262	.....===/======	3/3	56.11	77.33	plasmidfinder	NC_008486
/home/ryder/AMR_PROJECT/assemblies/11657_7_2.fa	ERZ3164590.44	23586	24158	IncFII(pCRY)_1_pCRY	19-591/593	===============	0/0	96.63	79.23	plasmidfinder	NC_005814
/home/ryder/AMR_PROJECT/assemblies/11657_7_2.fa	ERZ3164590.59	7419	8100	IncFIB(AP001918)_1	1-682/682	===============	0/0	100.00	98.39	plasmidfinder	AP001918
/home/ryder/AMR_PROJECT/assemblies/11657_7_2.fa	ERZ3164590.60	885	1596	IncX4_2	1-712/712	===============	0/0	100.00	98.74	plasmidfinder	FN543504
/home/ryder/AMR_PROJECT/assemblies/11657_7_2.fa	ERZ3164590.60	2318	2470	Col(MG828)_1	4-156/262	========/=.....	2/2	58.02	83.12	plasmidfinder	NC_008486
/home/ryder/AMR_PROJECT/assemblies/11657_7_2.fa	ERZ3164590.98	532	662	ColRNAI_1	1-130/130	========/======	1/1	100.00	83.21	plasmidfinder	DQ298019
