#FILE	SEQUENCE	START	END	GENE	COVERAGE	COVERAGE_MAP	GAPS	%COVERAGE	%IDENTITY	DATABASE	ACCESSION
/home/ryder/AMR_PROJECT/assemblies/11658_5_15.fa	ERZ3164380.129	451	564	IncFII_1	1-114/261	=======........	0/0	43.68	100.00	plasmidfinder	AY458016
/home/ryder/AMR_PROJECT/assemblies/11658_5_15.fa	ERZ3164380.33	1	251	IncFIC(FII)_1	48-297/499	.=======/=.....	3/3	49.90	90.08	plasmidfinder	AP001918
/home/ryder/AMR_PROJECT/assemblies/11658_5_15.fa	ERZ3164380.46	8027	8708	IncFIB(AP001918)_1	1-682/682	===============	0/0	100.00	96.63	plasmidfinder	AP001918
/home/ryder/AMR_PROJECT/assemblies/11658_5_15.fa	ERZ3164380.49	6597	6750	Col156_1	1-154/154	===============	0/0	100.00	94.81	plasmidfinder	NC_009781
/home/ryder/AMR_PROJECT/assemblies/11658_5_15.fa	ERZ3164380.58	2591	2721	ColRNAI_1	1-130/130	========/======	1/1	100.00	87.79	plasmidfinder	DQ298019
/home/ryder/AMR_PROJECT/assemblies/11658_5_15.fa	ERZ3164380.61	1521	1640	ColRNAI_1	13-130/130	.=======/======	2/2	90.77	89.17	plasmidfinder	DQ298019
/home/ryder/AMR_PROJECT/assemblies/11658_5_15.fa	ERZ3164380.68	254	458	Col8282_1	1-205/207	===============	0/0	99.03	88.78	plasmidfinder	DQ995353
/home/ryder/AMR_PROJECT/assemblies/11658_5_15.fa	ERZ3164380.74	2462	2913	IncFIC(FII)_1	48-499/499	.=======/======	5/6	89.98	83.08	plasmidfinder	AP001918
