#FILE	SEQUENCE	START	END	GENE	COVERAGE	COVERAGE_MAP	GAPS	%COVERAGE	%IDENTITY	DATABASE	ACCESSION
/home/ryder/AMR_PROJECT/assemblies/11657_7_19.fa	ERZ3164689.102	324	528	Col8282_1	1-205/207	===============	0/0	99.03	88.78	plasmidfinder	DQ995353
/home/ryder/AMR_PROJECT/assemblies/11657_7_19.fa	ERZ3164689.106	2634	2895	IncFII(pRSB107)_1_pRSB107	1-261/261	========/======	1/1	100.00	96.18	plasmidfinder	AJ851089
/home/ryder/AMR_PROJECT/assemblies/11657_7_19.fa	ERZ3164689.118	2433	2552	ColRNAI_1	13-130/130	.=======/======	2/2	90.77	87.50	plasmidfinder	DQ298019
/home/ryder/AMR_PROJECT/assemblies/11657_7_19.fa	ERZ3164689.123	1101	1600	IncFIC(FII)_1	1-499/499	========/======	3/3	99.80	93.61	plasmidfinder	AP001918
/home/ryder/AMR_PROJECT/assemblies/11657_7_19.fa	ERZ3164689.133	928	1189	Col(MG828)_1	1-262/262	===============	0/0	100.00	92.75	plasmidfinder	NC_008486
/home/ryder/AMR_PROJECT/assemblies/11657_7_19.fa	ERZ3164689.26	2032	2173	IncI1_1_Alpha	1-142/142	===============	0/0	100.00	99.30	plasmidfinder	AP005147
/home/ryder/AMR_PROJECT/assemblies/11657_7_19.fa	ERZ3164689.83	1058	1739	IncFIB(AP001918)_1	1-682/682	===============	0/0	100.00	98.39	plasmidfinder	AP001918
/home/ryder/AMR_PROJECT/assemblies/11657_7_19.fa	ERZ3164689.95	1389	1542	Col156_1	1-154/154	===============	0/0	100.00	91.56	plasmidfinder	NC_009781
