#FILE	SEQUENCE	START	END	GENE	COVERAGE	COVERAGE_MAP	GAPS	%COVERAGE	%IDENTITY	DATABASE	ACCESSION
/home/ryder/AMR_PROJECT/assemblies/11657_6_2.fa	ERZ3164391.25	38033	38917	p0111_1	1-885/885	===============	0/0	100.00	98.64	plasmidfinder	AP010962
/home/ryder/AMR_PROJECT/assemblies/11657_6_2.fa	ERZ3164391.31	35439	35710	IncFIC(FII)_1	1-271/499	========/......	1/1	54.31	95.59	plasmidfinder	AP001918
/home/ryder/AMR_PROJECT/assemblies/11657_6_2.fa	ERZ3164391.44	14733	15414	IncFIB(AP001918)_1	1-682/682	===============	0/0	100.00	98.39	plasmidfinder	AP001918
/home/ryder/AMR_PROJECT/assemblies/11657_6_2.fa	ERZ3164391.95	283	544	Col(MG828)_1	1-262/262	===============	0/0	100.00	91.98	plasmidfinder	NC_008486
