#FILE	SEQUENCE	START	END	GENE	COVERAGE	COVERAGE_MAP	GAPS	%COVERAGE	%IDENTITY	DATABASE	ACCESSION
/home/ryder/AMR_PROJECT/assemblies/11657_6_64.fa	ERZ3165720.27	65801	66685	p0111_1	1-885/885	===============	0/0	100.00	98.87	plasmidfinder	AP010962
/home/ryder/AMR_PROJECT/assemblies/11657_6_64.fa	ERZ3165720.51	12942	13202	IncFII_1	1-261/261	===============	0/0	100.00	100.00	plasmidfinder	AY458016
/home/ryder/AMR_PROJECT/assemblies/11657_6_64.fa	ERZ3165720.64	3433	3820	IncFIA_1	1-388/388	===============	0/0	100.00	99.74	plasmidfinder	AP001918
/home/ryder/AMR_PROJECT/assemblies/11657_6_64.fa	ERZ3165720.76	3690	3891	Col8282_1	4-205/207	===============	0/0	97.58	89.60	plasmidfinder	DQ995353
/home/ryder/AMR_PROJECT/assemblies/11657_6_64.fa	ERZ3165720.97	61	312	Col(MG828)_1	1-252/262	===============	0/0	96.18	93.25	plasmidfinder	NC_008486
