#FILE	SEQUENCE	START	END	GENE	COVERAGE	COVERAGE_MAP	GAPS	%COVERAGE	%IDENTITY	DATABASE	ACCESSION
/home/ryder/AMR_PROJECT/assemblies/11658_5_2.fa	ERZ3164298.114	449	641	Col(BS512)_1__NC_010656_dupe	1-193/193	===============	0/0	100.00	100.00	plasmidfinder	
/home/ryder/AMR_PROJECT/assemblies/11658_5_2.fa	ERZ3164298.114	713	945	Col(BS512)_1	1-233/233	===============	0/0	100.00	100.00	plasmidfinder	NC_010656
/home/ryder/AMR_PROJECT/assemblies/11658_5_2.fa	ERZ3164298.123	285	546	Col(MG828)_1	1-262/262	===============	0/0	100.00	93.51	plasmidfinder	NC_008486
/home/ryder/AMR_PROJECT/assemblies/11658_5_2.fa	ERZ3164298.33	27276	28040	IncY_1	1-765/765	===============	0/0	100.00	99.87	plasmidfinder	K02380
/home/ryder/AMR_PROJECT/assemblies/11658_5_2.fa	ERZ3164298.49	833	1514	IncFIB(AP001918)_1	1-682/682	===============	0/0	100.00	98.39	plasmidfinder	AP001918
/home/ryder/AMR_PROJECT/assemblies/11658_5_2.fa	ERZ3164298.50	13447	13834	IncFIA_1	1-388/388	===============	0/0	100.00	99.74	plasmidfinder	AP001918
/home/ryder/AMR_PROJECT/assemblies/11658_5_2.fa	ERZ3164298.86	66	303	IncFII(pRSB107)_1_pRSB107	1-238/261	==============.	0/0	91.19	97.90	plasmidfinder	AJ851089
