#FILE	SEQUENCE	START	END	GENE	COVERAGE	COVERAGE_MAP	GAPS	%COVERAGE	%IDENTITY	DATABASE	ACCESSION
/home/ryder/AMR_PROJECT/assemblies/11657_6_32.fa	ERZ3165011.32	38277	38538	IncFII(pHN7A8)_1_pHN7A8	1-260/260	========/======	2/2	100.00	96.18	plasmidfinder	JN232517
/home/ryder/AMR_PROJECT/assemblies/11657_6_32.fa	ERZ3165011.57	1902	2583	IncFIB(AP001918)_1	1-682/682	===============	0/0	100.00	98.39	plasmidfinder	AP001918
/home/ryder/AMR_PROJECT/assemblies/11657_6_32.fa	ERZ3165011.58	3433	3820	IncFIA_1	1-388/388	===============	0/0	100.00	99.74	plasmidfinder	AP001918
/home/ryder/AMR_PROJECT/assemblies/11657_6_32.fa	ERZ3165011.80	1887	2147	IncFII(pRSB107)_1_pRSB107	1-261/261	===============	0/0	100.00	100.00	plasmidfinder	AJ851089
