#FILE	SEQUENCE	START	END	GENE	COVERAGE	COVERAGE_MAP	GAPS	%COVERAGE	%IDENTITY	DATABASE	ACCESSION
/home/ryder/AMR_PROJECT/assemblies/11658_4_69.fa	ERZ3165795.100	183	444	Col(MG828)_1	1-262/262	========/======	4/4	99.24	89.02	plasmidfinder	NC_008486
/home/ryder/AMR_PROJECT/assemblies/11658_4_69.fa	ERZ3165795.32	35438	35709	IncFIC(FII)_1	1-271/499	========/......	1/1	54.31	95.59	plasmidfinder	AP001918
/home/ryder/AMR_PROJECT/assemblies/11658_4_69.fa	ERZ3165795.54	1902	2583	IncFIB(AP001918)_1	1-682/682	===============	0/0	100.00	98.39	plasmidfinder	AP001918
/home/ryder/AMR_PROJECT/assemblies/11658_4_69.fa	ERZ3165795.71	254	458	Col8282_1	1-205/207	===============	0/0	99.03	89.27	plasmidfinder	DQ995353
/home/ryder/AMR_PROJECT/assemblies/11658_4_69.fa	ERZ3165795.99	286	547	Col(MG828)_1	1-262/262	===============	0/0	100.00	91.98	plasmidfinder	NC_008486
