#FILE	SEQUENCE	START	END	GENE	COVERAGE	COVERAGE_MAP	GAPS	%COVERAGE	%IDENTITY	DATABASE	ACCESSION
/home/ryder/AMR_PROJECT/assemblies/11658_4_38.fa	ERZ3165020.20	70162	71046	p0111_1	1-885/885	===============	0/0	100.00	98.64	plasmidfinder	AP010962
/home/ryder/AMR_PROJECT/assemblies/11658_4_38.fa	ERZ3165020.40	450	710	IncFII(pCoo)_1_pCoo	1-262/262	========/======	1/1	99.62	95.04	plasmidfinder	CR942285
/home/ryder/AMR_PROJECT/assemblies/11658_4_38.fa	ERZ3165020.48	14488	15169	IncFIB(AP001918)_1	1-682/682	===============	0/0	100.00	96.48	plasmidfinder	AP001918
/home/ryder/AMR_PROJECT/assemblies/11658_4_38.fa	ERZ3165020.60	450	708	IncFII(29)_1_pUTI89	1-259/259	===============	0/0	100.00	100.00	plasmidfinder	CP003035
/home/ryder/AMR_PROJECT/assemblies/11658_4_38.fa	ERZ3165020.64	6753	6906	Col156_1	1-154/154	===============	0/0	100.00	98.70	plasmidfinder	NC_009781
/home/ryder/AMR_PROJECT/assemblies/11658_4_38.fa	ERZ3165020.71	4286	4354	IncQ1_1	1-69/450	===............	0/0	15.33	98.55	plasmidfinder	HE654726
