#FILE	SEQUENCE	START	END	GENE	COVERAGE	COVERAGE_MAP	GAPS	%COVERAGE	%IDENTITY	DATABASE	ACCESSION
/home/ryder/AMR_PROJECT/assemblies/11657_6_66.fa	ERZ3165768.52	8431	9112	IncFIB(AP001918)_1	1-682/682	===============	0/0	100.00	96.48	plasmidfinder	AP001918
/home/ryder/AMR_PROJECT/assemblies/11657_6_66.fa	ERZ3165768.56	10447	10705	IncFII(29)_1_pUTI89	1-259/259	===============	0/0	100.00	100.00	plasmidfinder	CP003035
/home/ryder/AMR_PROJECT/assemblies/11657_6_66.fa	ERZ3165768.59	3637	3790	Col156_1	1-154/154	===============	0/0	100.00	98.70	plasmidfinder	NC_009781
/home/ryder/AMR_PROJECT/assemblies/11657_6_66.fa	ERZ3165768.75	1124	1254	ColRNAI_1	1-130/130	========/======	1/1	100.00	86.26	plasmidfinder	DQ298019
/home/ryder/AMR_PROJECT/assemblies/11657_6_66.fa	ERZ3165768.86	972	1091	ColRNAI_1	13-130/130	.=======/======	2/2	90.77	89.17	plasmidfinder	DQ298019
/home/ryder/AMR_PROJECT/assemblies/11657_6_66.fa	ERZ3165768.89	911	1041	ColRNAI_1	1-130/130	========/======	1/1	100.00	87.79	plasmidfinder	DQ298019
