#FILE	SEQUENCE	START	END	GENE	COVERAGE	COVERAGE_MAP	GAPS	%COVERAGE	%IDENTITY	DATABASE	ACCESSION
/home/ryder/AMR_PROJECT/assemblies/11658_3_49.fa	ERZ3165696.31	53822	54082	IncFII_1	1-261/261	===============	0/0	100.00	100.00	plasmidfinder	AY458016
/home/ryder/AMR_PROJECT/assemblies/11658_3_49.fa	ERZ3165696.32	7768	7927	IncB/O/K/Z_2	1-160/160	===============	0/0	100.00	100.00	plasmidfinder	GU256641
/home/ryder/AMR_PROJECT/assemblies/11658_3_49.fa	ERZ3165696.49	1223	1904	IncFIB(AP001918)_1	1-682/682	===============	0/0	100.00	98.39	plasmidfinder	AP001918
/home/ryder/AMR_PROJECT/assemblies/11658_3_49.fa	ERZ3165696.51	14964	15477	IncN_1	1-514/514	===============	0/0	100.00	100.00	plasmidfinder	AY046276
/home/ryder/AMR_PROJECT/assemblies/11658_3_49.fa	ERZ3165696.85	142	591	IncQ1_1	1-450/450	===============	0/0	100.00	100.00	plasmidfinder	HE654726
/home/ryder/AMR_PROJECT/assemblies/11658_3_49.fa	ERZ3165696.88	983	1240	Col(MG828)_1	1-258/262	===============	0/0	98.47	94.19	plasmidfinder	NC_008486
