#FILE	SEQUENCE	START	END	GENE	COVERAGE	COVERAGE_MAP	GAPS	%COVERAGE	%IDENTITY	DATABASE	ACCESSION
/home/ryder/AMR_PROJECT/assemblies/11657_7_47.fa	ERZ3165483.33	29257	29757	IncFIC(FII)_1	1-499/499	========/======	4/4	99.80	84.06	plasmidfinder	AP001918
/home/ryder/AMR_PROJECT/assemblies/11657_7_47.fa	ERZ3165483.40	27336	28220	p0111_1	1-885/885	===============	0/0	100.00	98.42	plasmidfinder	AP010962
/home/ryder/AMR_PROJECT/assemblies/11657_7_47.fa	ERZ3165483.52	6250	6931	IncFIB(AP001918)_1	1-682/682	===============	0/0	100.00	96.63	plasmidfinder	AP001918
/home/ryder/AMR_PROJECT/assemblies/11657_7_47.fa	ERZ3165483.54	6705	6858	Col156_1	1-154/154	===============	0/0	100.00	98.70	plasmidfinder	NC_009781
/home/ryder/AMR_PROJECT/assemblies/11657_7_47.fa	ERZ3165483.62	3433	3820	IncFIA_1	1-388/388	===============	0/0	100.00	99.74	plasmidfinder	AP001918
/home/ryder/AMR_PROJECT/assemblies/11657_7_47.fa	ERZ3165483.64	6883	7396	IncN_1	1-514/514	===============	0/0	100.00	99.22	plasmidfinder	AY046276
/home/ryder/AMR_PROJECT/assemblies/11657_7_47.fa	ERZ3165483.71	1033	1152	ColRNAI_1	13-130/130	.=======/======	2/2	90.77	89.17	plasmidfinder	DQ298019
/home/ryder/AMR_PROJECT/assemblies/11657_7_47.fa	ERZ3165483.80	259	460	Col8282_1	4-205/207	===============	0/0	97.58	89.60	plasmidfinder	DQ995353
