#FILE	SEQUENCE	START	END	GENE	COVERAGE	COVERAGE_MAP	GAPS	%COVERAGE	%IDENTITY	DATABASE	ACCESSION
/home/ryder/AMR_PROJECT/assemblies/11657_6_21.fa	ERZ3164693.30	1830	2101	IncFIC(FII)_1	1-271/499	========/......	1/1	54.31	95.59	plasmidfinder	AP001918
/home/ryder/AMR_PROJECT/assemblies/11657_6_21.fa	ERZ3164693.44	14733	15414	IncFIB(AP001918)_1	1-682/682	===============	0/0	100.00	98.39	plasmidfinder	AP001918
/home/ryder/AMR_PROJECT/assemblies/11657_6_21.fa	ERZ3164693.58	599	729	ColRNAI_1	1-130/130	========/======	1/1	100.00	88.55	plasmidfinder	DQ298019
/home/ryder/AMR_PROJECT/assemblies/11657_6_21.fa	ERZ3164693.71	324	528	Col8282_1	1-205/207	===============	0/0	99.03	89.27	plasmidfinder	DQ995353
/home/ryder/AMR_PROJECT/assemblies/11657_6_21.fa	ERZ3164693.94	1143	1404	Col(MG828)_1	1-262/262	===============	0/0	100.00	91.98	plasmidfinder	NC_008486
