#FILE	SEQUENCE	START	END	GENE	COVERAGE	COVERAGE_MAP	GAPS	%COVERAGE	%IDENTITY	DATABASE	ACCESSION
/home/ryder/AMR_PROJECT/assemblies/11658_5_32.fa	ERZ3164493.123	1	67	IncFIC(FII)_1	207-273/499	......===......	0/0	13.43	95.52	plasmidfinder	AP001918
/home/ryder/AMR_PROJECT/assemblies/11658_5_32.fa	ERZ3164493.181	210	470	IncFII(pRSB107)_1_pRSB107	1-261/261	===============	0/0	100.00	100.00	plasmidfinder	AJ851089
/home/ryder/AMR_PROJECT/assemblies/11658_5_32.fa	ERZ3164493.53	3698	3839	Col156_1	13-154/154	.==============	0/0	92.21	98.59	plasmidfinder	NC_009781
/home/ryder/AMR_PROJECT/assemblies/11658_5_32.fa	ERZ3164493.56	4793	5180	IncFIA_1	1-388/388	===============	0/0	100.00	100.00	plasmidfinder	AP001918
/home/ryder/AMR_PROJECT/assemblies/11658_5_32.fa	ERZ3164493.72	4984	5137	Col156_1	1-154/154	===============	0/0	100.00	94.81	plasmidfinder	NC_009781
/home/ryder/AMR_PROJECT/assemblies/11658_5_32.fa	ERZ3164493.79	4089	4181	IncFIC(FII)_1	207-299/499	......===......	0/0	18.64	87.10	plasmidfinder	AP001918
/home/ryder/AMR_PROJECT/assemblies/11658_5_32.fa	ERZ3164493.80	355	559	Col8282_1	1-205/207	===============	0/0	99.03	89.76	plasmidfinder	DQ995353
