#FILE	SEQUENCE	START	END	GENE	COVERAGE	COVERAGE_MAP	GAPS	%COVERAGE	%IDENTITY	DATABASE	ACCESSION
/home/ryder/AMR_PROJECT/assemblies/11658_4_46.fa	ERZ3165231.28	15685	16327	IncFIB(pB171)_1_pB171	1-643/643	===============	0/0	100.00	99.22	plasmidfinder	AB024946
/home/ryder/AMR_PROJECT/assemblies/11658_4_46.fa	ERZ3165231.28	33915	34302	IncFIA_1	1-388/388	===============	0/0	100.00	99.74	plasmidfinder	AP001918
/home/ryder/AMR_PROJECT/assemblies/11658_4_46.fa	ERZ3165231.45	23825	24589	IncY_1	1-765/765	===============	0/0	100.00	99.35	plasmidfinder	K02380
/home/ryder/AMR_PROJECT/assemblies/11658_4_46.fa	ERZ3165231.66	3929	4378	IncQ1_1	1-450/450	===============	0/0	100.00	100.00	plasmidfinder	HE654726
