#FILE	SEQUENCE	START	END	GENE	COVERAGE	COVERAGE_MAP	GAPS	%COVERAGE	%IDENTITY	DATABASE	ACCESSION
/home/ryder/AMR_PROJECT/assemblies/11657_7_13.fa	ERZ3164626.105	3705	3858	Col156_1	1-154/154	===============	0/0	100.00	98.70	plasmidfinder	NC_009781
/home/ryder/AMR_PROJECT/assemblies/11657_7_13.fa	ERZ3164626.108	359	620	IncFII(pRSB107)_1_pRSB107	1-261/261	========/======	1/1	100.00	96.18	plasmidfinder	AJ851089
/home/ryder/AMR_PROJECT/assemblies/11657_7_13.fa	ERZ3164626.126	1888	2018	ColRNAI_1	1-130/130	========/======	1/1	100.00	87.79	plasmidfinder	DQ298019
/home/ryder/AMR_PROJECT/assemblies/11657_7_13.fa	ERZ3164626.129	6018	6171	Col156_1	1-154/154	===============	0/0	100.00	96.75	plasmidfinder	NC_009781
/home/ryder/AMR_PROJECT/assemblies/11657_7_13.fa	ERZ3164626.133	1694	1813	ColRNAI_1	13-130/130	.=======/======	2/2	90.77	89.17	plasmidfinder	DQ298019
/home/ryder/AMR_PROJECT/assemblies/11657_7_13.fa	ERZ3164626.146	256	462	Col8282_1	1-207/207	===============	0/0	100.00	100.00	plasmidfinder	DQ995353
/home/ryder/AMR_PROJECT/assemblies/11657_7_13.fa	ERZ3164626.206	126	264	Col(MG828)_1	120-258/262	......==/======	2/2	52.67	80.71	plasmidfinder	NC_008486
/home/ryder/AMR_PROJECT/assemblies/11657_7_13.fa	ERZ3164626.206	982	1120	Col(MG828)_1	120-258/262	......==/======	2/2	52.67	82.14	plasmidfinder	NC_008486
/home/ryder/AMR_PROJECT/assemblies/11657_7_13.fa	ERZ3164626.22	49312	49466	IncB/O/K/Z_2	1-154/160	========/======	3/3	95.62	94.87	plasmidfinder	GU256641
/home/ryder/AMR_PROJECT/assemblies/11657_7_13.fa	ERZ3164626.333	71	214	Col156_1	11-154/154	.==============	0/0	93.51	94.44	plasmidfinder	NC_009781
/home/ryder/AMR_PROJECT/assemblies/11657_7_13.fa	ERZ3164626.38	15390	15766	IncX1_4	1-377/377	===============	0/0	100.00	100.00	plasmidfinder	JN935898
/home/ryder/AMR_PROJECT/assemblies/11657_7_13.fa	ERZ3164626.38	17245	17589	IncX3_1	37-374/374	.=======/======	5/9	90.11	76.88	plasmidfinder	JN247852
/home/ryder/AMR_PROJECT/assemblies/11657_7_13.fa	ERZ3164626.61	6915	7288	IncX4_1	1-374/374	===============	0/0	100.00	100.00	plasmidfinder	CP002895
/home/ryder/AMR_PROJECT/assemblies/11657_7_13.fa	ERZ3164626.66	13837	14421	IncFII(pCRY)_1_pCRY	9-591/593	========/======	1/2	98.31	78.12	plasmidfinder	NC_005814
/home/ryder/AMR_PROJECT/assemblies/11657_7_13.fa	ERZ3164626.66	14869	15007	Col(MG828)_1	120-258/262	......==/======	2/2	52.67	82.14	plasmidfinder	NC_008486
/home/ryder/AMR_PROJECT/assemblies/11657_7_13.fa	ERZ3164626.88	7446	8127	IncFIB(AP001918)_1	1-682/682	===============	0/0	100.00	96.63	plasmidfinder	AP001918
/home/ryder/AMR_PROJECT/assemblies/11657_7_13.fa	ERZ3164626.95	13708	13966	IncFII(29)_1_pUTI89	1-259/259	===============	0/0	100.00	100.00	plasmidfinder	CP003035
