#FILE	SEQUENCE	START	END	GENE	COVERAGE	COVERAGE_MAP	GAPS	%COVERAGE	%IDENTITY	DATABASE	ACCESSION
/home/ryder/AMR_PROJECT/assemblies/11658_4_94.fa	ERZ3166155.100	1130	1260	ColRNAI_1	1-130/130	========/======	1/1	100.00	86.26	plasmidfinder	DQ298019
/home/ryder/AMR_PROJECT/assemblies/11658_4_94.fa	ERZ3166155.53	2506	2764	IncFII(29)_1_pUTI89	1-259/259	===============	0/0	100.00	100.00	plasmidfinder	CP003035
/home/ryder/AMR_PROJECT/assemblies/11658_4_94.fa	ERZ3166155.76	8114	8795	IncFIB(AP001918)_1	1-682/682	===============	0/0	100.00	96.63	plasmidfinder	AP001918
/home/ryder/AMR_PROJECT/assemblies/11658_4_94.fa	ERZ3166155.90	6670	6823	Col156_1	1-154/154	===============	0/0	100.00	94.81	plasmidfinder	NC_009781
