#FILE	SEQUENCE	START	END	GENE	COVERAGE	COVERAGE_MAP	GAPS	%COVERAGE	%IDENTITY	DATABASE	ACCESSION
/home/ryder/AMR_PROJECT/assemblies/11657_6_20.fa	ERZ3164679.101	2	119	ColRNAI_1	1-118/130	==============.	0/0	90.77	86.44	plasmidfinder	DQ298019
/home/ryder/AMR_PROJECT/assemblies/11657_6_20.fa	ERZ3164679.116	353	604	Col(MG828)_1	1-252/262	===============	0/0	96.18	93.25	plasmidfinder	NC_008486
/home/ryder/AMR_PROJECT/assemblies/11657_6_20.fa	ERZ3164679.117	1141	1402	Col(MG828)_1	1-262/262	===============	0/0	100.00	91.60	plasmidfinder	NC_008486
/home/ryder/AMR_PROJECT/assemblies/11657_6_20.fa	ERZ3164679.122	1032	1345	IncFIC(FII)_1	188-499/499	.....===/======	4/4	62.32	77.78	plasmidfinder	AP001918
/home/ryder/AMR_PROJECT/assemblies/11657_6_20.fa	ERZ3164679.142	1	254	IncFIC(FII)_1	1-254/499	========.......	0/0	50.90	95.28	plasmidfinder	AP001918
/home/ryder/AMR_PROJECT/assemblies/11657_6_20.fa	ERZ3164679.70	1900	2581	IncFIB(AP001918)_1	1-682/682	===============	0/0	100.00	98.39	plasmidfinder	AP001918
/home/ryder/AMR_PROJECT/assemblies/11657_6_20.fa	ERZ3164679.75	3496	3879	IncFIA_1	5-388/388	===============	0/0	98.97	99.74	plasmidfinder	AP001918
/home/ryder/AMR_PROJECT/assemblies/11657_6_20.fa	ERZ3164679.81	1117	1247	ColRNAI_1	1-130/130	========/======	1/1	100.00	85.50	plasmidfinder	DQ298019
/home/ryder/AMR_PROJECT/assemblies/11657_6_20.fa	ERZ3164679.81	3132	3262	ColRNAI_1	1-130/130	========/======	1/1	100.00	83.97	plasmidfinder	DQ298019
/home/ryder/AMR_PROJECT/assemblies/11657_6_20.fa	ERZ3164679.81	6160	6260	Col(MGD2)_1	1-101/136	============...	0/0	74.26	87.13	plasmidfinder	NC_003789
/home/ryder/AMR_PROJECT/assemblies/11657_6_20.fa	ERZ3164679.88	90	220	ColRNAI_1	1-130/130	========/======	1/1	100.00	86.26	plasmidfinder	DQ298019
/home/ryder/AMR_PROJECT/assemblies/11657_6_20.fa	ERZ3164679.98	3549	3660	IncFIC(FII)_1	188-299/499	.....====......	0/0	22.44	89.29	plasmidfinder	AP001918
