#FILE	SEQUENCE	START	END	GENE	COVERAGE	COVERAGE_MAP	GAPS	%COVERAGE	%IDENTITY	DATABASE	ACCESSION
/home/ryder/AMR_PROJECT/assemblies/11657_7_87.fa	ERZ3166044.3	236297	237061	IncY_1	1-765/765	===============	0/0	100.00	99.22	plasmidfinder	K02380
/home/ryder/AMR_PROJECT/assemblies/11657_7_87.fa	ERZ3166044.47	7649	7807	IncB/O/K/Z_2	1-158/160	========/======	2/3	98.12	95.00	plasmidfinder	GU256641
/home/ryder/AMR_PROJECT/assemblies/11657_7_87.fa	ERZ3166044.50	14351	14735	IncFIA_1	4-388/388	===============	0/0	99.23	99.48	plasmidfinder	AP001918
/home/ryder/AMR_PROJECT/assemblies/11657_7_87.fa	ERZ3166044.54	13438	14119	IncFIB(AP001918)_1	1-682/682	===============	0/0	100.00	98.39	plasmidfinder	AP001918
/home/ryder/AMR_PROJECT/assemblies/11657_7_87.fa	ERZ3166044.60	5799	5929	ColRNAI_1	1-130/130	========/======	1/1	100.00	88.55	plasmidfinder	DQ298019
/home/ryder/AMR_PROJECT/assemblies/11657_7_87.fa	ERZ3166044.63	4627	4780	Col156_1	1-154/154	===============	0/0	100.00	99.35	plasmidfinder	NC_009781
/home/ryder/AMR_PROJECT/assemblies/11657_7_87.fa	ERZ3166044.68	3930	4379	IncQ1_1	1-450/450	===============	0/0	100.00	100.00	plasmidfinder	HE654726
/home/ryder/AMR_PROJECT/assemblies/11657_7_87.fa	ERZ3166044.88	1167	1371	Col8282_1	1-205/207	===============	0/0	99.03	89.27	plasmidfinder	DQ995353
/home/ryder/AMR_PROJECT/assemblies/11657_7_87.fa	ERZ3166044.90	694	895	Col8282_1	4-205/207	===============	0/0	97.58	89.60	plasmidfinder	DQ995353
