#FILE	SEQUENCE	START	END	GENE	COVERAGE	COVERAGE_MAP	GAPS	%COVERAGE	%IDENTITY	DATABASE	ACCESSION
/home/ryder/AMR_PROJECT/assemblies/11657_6_70.fa	ERZ3165885.101	8344	9108	IncY_1	1-765/765	===============	0/0	100.00	98.95	plasmidfinder	K02380
/home/ryder/AMR_PROJECT/assemblies/11657_6_70.fa	ERZ3165885.130	1862	1992	ColRNAI_1	1-130/130	========/======	1/1	100.00	82.44	plasmidfinder	DQ298019
/home/ryder/AMR_PROJECT/assemblies/11657_6_70.fa	ERZ3165885.136	991	1119	ColRNAI_1	1-128/130	========/======	1/1	98.46	81.39	plasmidfinder	DQ298019
/home/ryder/AMR_PROJECT/assemblies/11657_6_70.fa	ERZ3165885.94	9590	10149	IncFIB(K)_1_Kpn3	1-560/560	===============	0/0	100.00	99.29	plasmidfinder	JN233704
