#FILE	SEQUENCE	START	END	GENE	COVERAGE	COVERAGE_MAP	GAPS	%COVERAGE	%IDENTITY	DATABASE	ACCESSION
/home/ryder/AMR_PROJECT/assemblies/11657_5_69.fa	ERZ3165708.23	58545	58686	IncI1_1_Alpha	1-142/142	===============	0/0	100.00	99.30	plasmidfinder	AP005147
/home/ryder/AMR_PROJECT/assemblies/11657_5_69.fa	ERZ3165708.48	20898	21579	IncFIB(AP001918)_1	1-682/682	===============	0/0	100.00	98.39	plasmidfinder	AP001918
/home/ryder/AMR_PROJECT/assemblies/11657_5_69.fa	ERZ3165708.7	152897	153393	IncFIC(FII)_1	1-499/499	========/======	1/2	99.60	95.59	plasmidfinder	AP001918
/home/ryder/AMR_PROJECT/assemblies/11657_5_69.fa	ERZ3165708.72	5233	5361	ColRNAI_1	1-128/130	========/======	1/1	98.46	82.95	plasmidfinder	DQ298019
/home/ryder/AMR_PROJECT/assemblies/11657_5_69.fa	ERZ3165708.85	140	589	IncQ1_1	1-450/450	===============	0/0	100.00	100.00	plasmidfinder	HE654726
