#FILE	SEQUENCE	START	END	GENE	COVERAGE	COVERAGE_MAP	GAPS	%COVERAGE	%IDENTITY	DATABASE	ACCESSION
/home/ryder/AMR_PROJECT/assemblies/11657_7_46.fa	ERZ3165451.108	214	475	Col(MG828)_1	1-262/262	===============	0/0	100.00	93.51	plasmidfinder	NC_008486
/home/ryder/AMR_PROJECT/assemblies/11657_7_46.fa	ERZ3165451.26	14359	14855	IncFIC(FII)_1	1-499/499	========/======	1/2	99.60	95.59	plasmidfinder	AP001918
/home/ryder/AMR_PROJECT/assemblies/11657_7_46.fa	ERZ3165451.49	20856	21537	IncFIB(AP001918)_1	1-682/682	===============	0/0	100.00	98.39	plasmidfinder	AP001918
/home/ryder/AMR_PROJECT/assemblies/11657_7_46.fa	ERZ3165451.58	3433	3795	IncFIA_1	26-388/388	.==============	0/0	93.56	99.72	plasmidfinder	AP001918
/home/ryder/AMR_PROJECT/assemblies/11657_7_46.fa	ERZ3165451.79	1101	1231	ColRNAI_1	1-130/130	========/======	1/1	100.00	86.26	plasmidfinder	DQ298019
/home/ryder/AMR_PROJECT/assemblies/11657_7_46.fa	ERZ3165451.91	538	668	ColRNAI_1	1-130/130	========/======	1/1	100.00	87.02	plasmidfinder	DQ298019
