#FILE	SEQUENCE	START	END	GENE	COVERAGE	COVERAGE_MAP	GAPS	%COVERAGE	%IDENTITY	DATABASE	ACCESSION
/home/ryder/AMR_PROJECT/assemblies/11658_4_42.fa	ERZ3165178.21	75028	75186	IncB/O/K/Z_2	1-158/160	========/======	2/3	98.12	95.00	plasmidfinder	GU256641
/home/ryder/AMR_PROJECT/assemblies/11658_4_42.fa	ERZ3165178.33	1996	2492	IncFIC(FII)_1	1-499/499	========/======	1/2	99.60	95.59	plasmidfinder	AP001918
/home/ryder/AMR_PROJECT/assemblies/11658_4_42.fa	ERZ3165178.55	142	591	IncQ1_1	1-450/450	===============	0/0	100.00	100.00	plasmidfinder	HE654726
/home/ryder/AMR_PROJECT/assemblies/11658_4_42.fa	ERZ3165178.68	1221	1902	IncFIB(AP001918)_1	1-682/682	===============	0/0	100.00	97.36	plasmidfinder	AP001918
/home/ryder/AMR_PROJECT/assemblies/11658_4_42.fa	ERZ3165178.96	1312	1442	ColRNAI_1	1-130/130	========/======	1/1	100.00	84.73	plasmidfinder	DQ298019
