#FILE	SEQUENCE	START	END	GENE	COVERAGE	COVERAGE_MAP	GAPS	%COVERAGE	%IDENTITY	DATABASE	ACCESSION
/home/ryder/AMR_PROJECT/assemblies/11657_6_91.fa	ERZ3166200.47	12597	12984	IncFIA_1	1-388/388	===============	0/0	100.00	99.74	plasmidfinder	AP001918
/home/ryder/AMR_PROJECT/assemblies/11657_6_91.fa	ERZ3166200.59	7471	7731	IncFII_1	1-261/261	===============	0/0	100.00	100.00	plasmidfinder	AY458016
/home/ryder/AMR_PROJECT/assemblies/11657_6_91.fa	ERZ3166200.73	356	557	Col8282_1	4-205/207	===============	0/0	97.58	89.60	plasmidfinder	DQ995353
/home/ryder/AMR_PROJECT/assemblies/11657_6_91.fa	ERZ3166200.94	1140	1398	Col(MG828)_1	1-260/262	========/======	1/1	98.85	95.00	plasmidfinder	NC_008486
