#FILE	SEQUENCE	START	END	GENE	COVERAGE	COVERAGE_MAP	GAPS	%COVERAGE	%IDENTITY	DATABASE	ACCESSION
/home/ryder/AMR_PROJECT/assemblies/11657_6_14.fa	ERZ3164610.35	20465	20617	Col(MG828)_1	4-156/262	========/=.....	2/2	58.02	81.82	plasmidfinder	NC_008486
/home/ryder/AMR_PROJECT/assemblies/11657_6_14.fa	ERZ3164610.35	21338	22049	IncX4_2	1-712/712	===============	0/0	100.00	98.88	plasmidfinder	FN543504
/home/ryder/AMR_PROJECT/assemblies/11657_6_14.fa	ERZ3164610.39	20162	20535	IncX1_1	1-374/374	===============	0/0	100.00	98.93	plasmidfinder	EU370913
/home/ryder/AMR_PROJECT/assemblies/11657_6_14.fa	ERZ3164610.40	11003	11575	IncFII(pCRY)_1_pCRY	19-591/593	===============	0/0	96.63	79.23	plasmidfinder	NC_005814
/home/ryder/AMR_PROJECT/assemblies/11657_6_14.fa	ERZ3164610.40	12046	12195	Col(MG828)_1	109-255/262	.....===/======	3/3	56.11	77.33	plasmidfinder	NC_008486
/home/ryder/AMR_PROJECT/assemblies/11657_6_14.fa	ERZ3164610.53	13447	13834	IncFIA_1	1-388/388	===============	0/0	100.00	99.74	plasmidfinder	AP001918
/home/ryder/AMR_PROJECT/assemblies/11657_6_14.fa	ERZ3164610.64	7081	7211	ColRNAI_1	1-130/130	========/======	1/1	100.00	89.31	plasmidfinder	DQ298019
/home/ryder/AMR_PROJECT/assemblies/11657_6_14.fa	ERZ3164610.69	4457	5138	IncFIB(AP001918)_1	1-682/682	===============	0/0	100.00	98.39	plasmidfinder	AP001918
/home/ryder/AMR_PROJECT/assemblies/11657_6_14.fa	ERZ3164610.72	68	305	IncFII(pRSB107)_1_pRSB107	1-238/261	==============.	0/0	91.19	97.90	plasmidfinder	AJ851089
/home/ryder/AMR_PROJECT/assemblies/11657_6_14.fa	ERZ3164610.80	3443	3892	IncQ1_1	1-450/450	===============	0/0	100.00	100.00	plasmidfinder	HE654726
/home/ryder/AMR_PROJECT/assemblies/11657_6_14.fa	ERZ3164610.90	377	569	Col(BS512)_1__NC_010656_dupe	1-193/193	===============	0/0	100.00	100.00	plasmidfinder	
/home/ryder/AMR_PROJECT/assemblies/11657_6_14.fa	ERZ3164610.90	641	873	Col(BS512)_1	1-233/233	===============	0/0	100.00	100.00	plasmidfinder	NC_010656
