#FILE	SEQUENCE	START	END	GENE	COVERAGE	COVERAGE_MAP	GAPS	%COVERAGE	%IDENTITY	DATABASE	ACCESSION
/home/ryder/AMR_PROJECT/assemblies/11657_5_8.fa	ERZ3164519.48	11047	11188	Col156_1	13-154/154	.==============	0/0	92.21	98.59	plasmidfinder	NC_009781
/home/ryder/AMR_PROJECT/assemblies/11657_5_8.fa	ERZ3164519.54	8468	9149	IncFIB(AP001918)_1	1-682/682	===============	0/0	100.00	97.95	plasmidfinder	AP001918
/home/ryder/AMR_PROJECT/assemblies/11657_5_8.fa	ERZ3164519.60	3433	3820	IncFIA_1	1-388/388	===============	0/0	100.00	100.00	plasmidfinder	AP001918
/home/ryder/AMR_PROJECT/assemblies/11657_5_8.fa	ERZ3164519.62	1655	1785	ColRNAI_1	1-130/130	========/======	1/1	100.00	85.50	plasmidfinder	DQ298019
/home/ryder/AMR_PROJECT/assemblies/11657_5_8.fa	ERZ3164519.62	5707	5837	ColRNAI_1	1-130/130	========/======	1/1	100.00	85.50	plasmidfinder	DQ298019
/home/ryder/AMR_PROJECT/assemblies/11657_5_8.fa	ERZ3164519.65	1203	1463	IncFII(pRSB107)_1_pRSB107	1-261/261	===============	0/0	100.00	100.00	plasmidfinder	AJ851089
/home/ryder/AMR_PROJECT/assemblies/11657_5_8.fa	ERZ3164519.69	4984	5137	Col156_1	1-154/154	===============	0/0	100.00	94.81	plasmidfinder	NC_009781
/home/ryder/AMR_PROJECT/assemblies/11657_5_8.fa	ERZ3164519.76	373	577	Col8282_1	1-205/207	===============	0/0	99.03	89.76	plasmidfinder	DQ995353
/home/ryder/AMR_PROJECT/assemblies/11657_5_8.fa	ERZ3164519.90	1073	1334	Col(MG828)_1	1-262/262	===============	0/0	100.00	91.98	plasmidfinder	NC_008486
