#FILE	SEQUENCE	START	END	GENE	COVERAGE	COVERAGE_MAP	GAPS	%COVERAGE	%IDENTITY	DATABASE	ACCESSION
/home/ryder/AMR_PROJECT/assemblies/11657_6_12.fa	ERZ3164598.2	28137	28387	IncR_1	1-251/251	===============	0/0	100.00	100.00	plasmidfinder	DQ449578
/home/ryder/AMR_PROJECT/assemblies/11657_6_12.fa	ERZ3164598.21	14784	14939	IncB/O/K/Z_2	1-154/160	========/======	2/2	96.25	96.15	plasmidfinder	GU256641
/home/ryder/AMR_PROJECT/assemblies/11657_6_12.fa	ERZ3164598.61	14391	14753	IncFIA_1	26-388/388	.==============	0/0	93.56	99.72	plasmidfinder	AP001918
/home/ryder/AMR_PROJECT/assemblies/11657_6_12.fa	ERZ3164598.64	1679	2175	IncFIC(FII)_1	1-499/499	========/======	1/2	99.60	95.59	plasmidfinder	AP001918
/home/ryder/AMR_PROJECT/assemblies/11657_6_12.fa	ERZ3164598.72	7420	8101	IncFIB(AP001918)_1	1-682/682	===============	0/0	100.00	98.39	plasmidfinder	AP001918
/home/ryder/AMR_PROJECT/assemblies/11657_6_12.fa	ERZ3164598.80	3127	3280	Col156_1	1-154/154	===============	0/0	100.00	100.00	plasmidfinder	NC_009781
/home/ryder/AMR_PROJECT/assemblies/11657_6_12.fa	ERZ3164598.82	2626	2886	IncFII_1	1-261/261	===============	0/0	100.00	100.00	plasmidfinder	AY458016
/home/ryder/AMR_PROJECT/assemblies/11657_6_12.fa	ERZ3164598.83	4535	4672	IncN_1	377-514/514	...........====	0/0	26.85	98.55	plasmidfinder	AY046276
