#FILE	SEQUENCE	START	END	GENE	COVERAGE	COVERAGE_MAP	GAPS	%COVERAGE	%IDENTITY	DATABASE	ACCESSION
/home/ryder/AMR_PROJECT/assemblies/11657_5_88.fa	ERZ3166068.22	7230	7490	IncFII_1	1-261/261	===============	0/0	100.00	100.00	plasmidfinder	AY458016
/home/ryder/AMR_PROJECT/assemblies/11657_5_88.fa	ERZ3166068.53	1902	2583	IncFIB(AP001918)_1	1-682/682	===============	0/0	100.00	98.39	plasmidfinder	AP001918
/home/ryder/AMR_PROJECT/assemblies/11657_5_88.fa	ERZ3166068.55	6139	6269	ColRNAI_1	1-130/130	========/======	1/1	100.00	88.55	plasmidfinder	DQ298019
/home/ryder/AMR_PROJECT/assemblies/11657_5_88.fa	ERZ3166068.60	1	85	ColRNAI_1	47-130/130	.....===/======	1/1	64.62	88.23	plasmidfinder	DQ298019
/home/ryder/AMR_PROJECT/assemblies/11657_5_88.fa	ERZ3166068.68	254	458	Col8282_1	1-205/207	===============	0/0	99.03	89.27	plasmidfinder	DQ995353
/home/ryder/AMR_PROJECT/assemblies/11657_5_88.fa	ERZ3166068.71	3221	3670	IncQ1_1	1-450/450	===============	0/0	100.00	100.00	plasmidfinder	HE654726
