#FILE	SEQUENCE	START	END	GENE	COVERAGE	COVERAGE_MAP	GAPS	%COVERAGE	%IDENTITY	DATABASE	ACCESSION
/home/ryder/AMR_PROJECT/assemblies/11658_4_88.fa	ERZ3165996.16	73486	74360	IncFIB(pHCM2)_1_pHCM2	1-875/875	===============	0/0	100.00	84.00	plasmidfinder	AL513384
/home/ryder/AMR_PROJECT/assemblies/11658_4_88.fa	ERZ3165996.19	69785	69926	IncI1_1_Alpha	1-142/142	===============	0/0	100.00	100.00	plasmidfinder	AP005147
/home/ryder/AMR_PROJECT/assemblies/11658_4_88.fa	ERZ3165996.41	25222	25671	IncQ1_1	1-450/450	===============	0/0	100.00	100.00	plasmidfinder	HE654726
/home/ryder/AMR_PROJECT/assemblies/11658_4_88.fa	ERZ3165996.47	18927	19423	IncFIC(FII)_1	1-499/499	========/======	1/2	99.60	95.59	plasmidfinder	AP001918
/home/ryder/AMR_PROJECT/assemblies/11658_4_88.fa	ERZ3165996.61	8862	9543	IncFIB(AP001918)_1	1-682/682	===============	0/0	100.00	98.39	plasmidfinder	AP001918
/home/ryder/AMR_PROJECT/assemblies/11658_4_88.fa	ERZ3165996.62	5851	5981	ColRNAI_1	1-130/130	========/======	1/1	100.00	87.02	plasmidfinder	DQ298019
/home/ryder/AMR_PROJECT/assemblies/11658_4_88.fa	ERZ3165996.62	9170	9258	ColRNAI_1	43-130/130	....====/======	1/1	67.69	87.64	plasmidfinder	DQ298019
