#FILE	SEQUENCE	START	END	GENE	COVERAGE	COVERAGE_MAP	GAPS	%COVERAGE	%IDENTITY	DATABASE	ACCESSION
/home/ryder/AMR_PROJECT/assemblies/11658_3_74.fa	ERZ3165991.48	1982	2242	IncFII_1	1-261/261	===============	0/0	100.00	100.00	plasmidfinder	AY458016
/home/ryder/AMR_PROJECT/assemblies/11658_3_74.fa	ERZ3165991.61	3638	3842	Col8282_1	1-205/207	===============	0/0	99.03	89.76	plasmidfinder	DQ995353
/home/ryder/AMR_PROJECT/assemblies/11658_3_74.fa	ERZ3165991.61	7725	7929	Col8282_1	1-205/207	===============	0/0	99.03	89.27	plasmidfinder	DQ995353
/home/ryder/AMR_PROJECT/assemblies/11658_3_74.fa	ERZ3165991.62	4251	4638	IncFIA_1	1-388/388	===============	0/0	100.00	99.74	plasmidfinder	AP001918
/home/ryder/AMR_PROJECT/assemblies/11658_3_74.fa	ERZ3165991.74	2132	2262	ColRNAI_1	1-130/130	========/======	1/1	100.00	87.79	plasmidfinder	DQ298019
/home/ryder/AMR_PROJECT/assemblies/11658_3_74.fa	ERZ3165991.93	287	548	Col(MG828)_1	1-262/262	===============	0/0	100.00	92.75	plasmidfinder	NC_008486
