#FILE	SEQUENCE	START	END	GENE	COVERAGE	COVERAGE_MAP	GAPS	%COVERAGE	%IDENTITY	DATABASE	ACCESSION
/home/ryder/AMR_PROJECT/assemblies/11657_7_56.fa	ERZ3165615.59	4251	4638	IncFIA_1	1-388/388	===============	0/0	100.00	99.74	plasmidfinder	AP001918
/home/ryder/AMR_PROJECT/assemblies/11657_7_56.fa	ERZ3165615.60	6835	6965	ColRNAI_1	1-130/130	========/======	1/1	100.00	90.08	plasmidfinder	DQ298019
/home/ryder/AMR_PROJECT/assemblies/11657_7_56.fa	ERZ3165615.68	3	103	Col156_1	1-101/154	==========.....	0/0	65.58	96.04	plasmidfinder	NC_009781
/home/ryder/AMR_PROJECT/assemblies/11657_7_56.fa	ERZ3165615.68	5114	5231	Col156_1	37-154/154	...============	0/0	76.62	93.22	plasmidfinder	NC_009781
/home/ryder/AMR_PROJECT/assemblies/11657_7_56.fa	ERZ3165615.69	2079	2339	IncFII_1	1-261/261	===============	0/0	100.00	100.00	plasmidfinder	AY458016
/home/ryder/AMR_PROJECT/assemblies/11657_7_56.fa	ERZ3165615.73	259	460	Col8282_1	4-205/207	===============	0/0	97.58	89.60	plasmidfinder	DQ995353
/home/ryder/AMR_PROJECT/assemblies/11657_7_56.fa	ERZ3165615.90	449	641	Col(BS512)_1__NC_010656_dupe	1-193/193	===============	0/0	100.00	100.00	plasmidfinder	
/home/ryder/AMR_PROJECT/assemblies/11657_7_56.fa	ERZ3165615.90	713	945	Col(BS512)_1	1-233/233	===============	0/0	100.00	100.00	plasmidfinder	NC_010656
/home/ryder/AMR_PROJECT/assemblies/11657_7_56.fa	ERZ3165615.92	216	474	Col(MG828)_1	1-260/262	========/======	1/1	98.85	95.00	plasmidfinder	NC_008486
