#FILE	SEQUENCE	START	END	GENE	COVERAGE	COVERAGE_MAP	GAPS	%COVERAGE	%IDENTITY	DATABASE	ACCESSION
/home/ryder/AMR_PROJECT/assemblies/11657_6_52.fa	ERZ3165569.53	4899	5029	ColRNAI_1	1-130/130	========/======	1/1	100.00	87.02	plasmidfinder	DQ298019
/home/ryder/AMR_PROJECT/assemblies/11657_6_52.fa	ERZ3165569.57	4543	4694	Col156_1	1-152/154	===============	0/0	98.70	90.79	plasmidfinder	NC_009781
/home/ryder/AMR_PROJECT/assemblies/11657_6_52.fa	ERZ3165569.59	1033	1152	ColRNAI_1	13-130/130	.=======/======	2/2	90.77	89.17	plasmidfinder	DQ298019
/home/ryder/AMR_PROJECT/assemblies/11657_6_52.fa	ERZ3165569.63	4930	5083	Col156_1	1-154/154	===============	0/0	100.00	94.81	plasmidfinder	NC_009781
/home/ryder/AMR_PROJECT/assemblies/11657_6_52.fa	ERZ3165569.90	215	476	Col(MG828)_1	1-262/262	===============	0/0	100.00	91.98	plasmidfinder	NC_008486
