#FILE	SEQUENCE	START	END	GENE	COVERAGE	COVERAGE_MAP	GAPS	%COVERAGE	%IDENTITY	DATABASE	ACCESSION
/home/ryder/AMR_PROJECT/assemblies/11657_6_16.fa	ERZ3164611.42	4793	5180	IncFIA_1	1-388/388	===============	0/0	100.00	100.00	plasmidfinder	AP001918
/home/ryder/AMR_PROJECT/assemblies/11657_6_16.fa	ERZ3164611.50	8468	9149	IncFIB(AP001918)_1	1-682/682	===============	0/0	100.00	97.95	plasmidfinder	AP001918
/home/ryder/AMR_PROJECT/assemblies/11657_6_16.fa	ERZ3164611.52	6774	6915	Col156_1	13-154/154	.==============	0/0	92.21	98.59	plasmidfinder	NC_009781
/home/ryder/AMR_PROJECT/assemblies/11657_6_16.fa	ERZ3164611.56	6111	6252	Col(MG828)_1	4-156/262	========/=.....	2/11	54.20	76.47	plasmidfinder	NC_008486
/home/ryder/AMR_PROJECT/assemblies/11657_6_16.fa	ERZ3164611.56	6972	7683	IncX4_2	1-712/712	===============	0/0	100.00	100.00	plasmidfinder	FN543504
/home/ryder/AMR_PROJECT/assemblies/11657_6_16.fa	ERZ3164611.66	1204	1464	IncFII(pRSB107)_1_pRSB107	1-261/261	===============	0/0	100.00	100.00	plasmidfinder	AJ851089
/home/ryder/AMR_PROJECT/assemblies/11657_6_16.fa	ERZ3164611.67	4390	4543	Col156_1	1-154/154	===============	0/0	100.00	94.81	plasmidfinder	NC_009781
