#FILE	SEQUENCE	START	END	GENE	COVERAGE	COVERAGE_MAP	GAPS	%COVERAGE	%IDENTITY	DATABASE	ACCESSION
/home/ryder/AMR_PROJECT/assemblies/11657_5_35.fa	ERZ3164997.33	37522	37782	IncFII_1	1-261/261	===============	0/0	100.00	100.00	plasmidfinder	AY458016
/home/ryder/AMR_PROJECT/assemblies/11657_5_35.fa	ERZ3164997.50	14733	15414	IncFIB(AP001918)_1	1-682/682	===============	0/0	100.00	98.39	plasmidfinder	AP001918
/home/ryder/AMR_PROJECT/assemblies/11657_5_35.fa	ERZ3164997.70	142	591	IncQ1_1	1-450/450	===============	0/0	100.00	100.00	plasmidfinder	HE654726
/home/ryder/AMR_PROJECT/assemblies/11657_5_35.fa	ERZ3164997.74	2010	2137	ColRNAI_1	1-128/130	===============	0/0	98.46	89.06	plasmidfinder	DQ298019
