#FILE	SEQUENCE	START	END	GENE	COVERAGE	COVERAGE_MAP	GAPS	%COVERAGE	%IDENTITY	DATABASE	ACCESSION
/home/ryder/AMR_PROJECT/assemblies/11658_3_88.fa	ERZ3166208.23	51534	51849	IncI2_1_Delta	1-316/316	===============	0/0	100.00	98.42	plasmidfinder	AP002527
/home/ryder/AMR_PROJECT/assemblies/11658_3_88.fa	ERZ3166208.26	42359	42855	IncFIC(FII)_1	1-499/499	========/======	1/2	99.60	95.59	plasmidfinder	AP001918
/home/ryder/AMR_PROJECT/assemblies/11658_3_88.fa	ERZ3166208.37	1902	2583	IncFIB(AP001918)_1	1-682/682	===============	0/0	100.00	98.39	plasmidfinder	AP001918
/home/ryder/AMR_PROJECT/assemblies/11658_3_88.fa	ERZ3166208.38	3762	3903	IncI1_1_Alpha	1-142/142	===============	0/0	100.00	100.00	plasmidfinder	AP005147
/home/ryder/AMR_PROJECT/assemblies/11658_3_88.fa	ERZ3166208.45	1861	1991	ColRNAI_1	1-130/130	========/======	1/1	100.00	87.79	plasmidfinder	DQ298019
