#FILE	SEQUENCE	START	END	GENE	COVERAGE	COVERAGE_MAP	GAPS	%COVERAGE	%IDENTITY	DATABASE	ACCESSION
/home/ryder/AMR_PROJECT/assemblies/11657_5_34.fa	ERZ3164998.105	1217	1449	Col(BS512)_1	1-233/233	===============	0/0	100.00	100.00	plasmidfinder	NC_010656
/home/ryder/AMR_PROJECT/assemblies/11657_5_34.fa	ERZ3164998.105	1521	1713	Col(BS512)_1__NC_010656_dupe	1-193/193	===============	0/0	100.00	98.96	plasmidfinder	
/home/ryder/AMR_PROJECT/assemblies/11657_5_34.fa	ERZ3164998.31	2132	2508	IncX1_4	1-377/377	===============	0/0	100.00	98.94	plasmidfinder	JN935898
/home/ryder/AMR_PROJECT/assemblies/11657_5_34.fa	ERZ3164998.52	632	1313	IncFIB(AP001918)_1	1-682/682	===============	0/0	100.00	98.39	plasmidfinder	AP001918
/home/ryder/AMR_PROJECT/assemblies/11657_5_34.fa	ERZ3164998.68	2321	2497	ColE10_1	1-177/177	===============	0/0	100.00	100.00	plasmidfinder	X01654
/home/ryder/AMR_PROJECT/assemblies/11657_5_34.fa	ERZ3164998.74	974	1104	ColRNAI_1	1-130/130	========/======	1/1	100.00	88.55	plasmidfinder	DQ298019
/home/ryder/AMR_PROJECT/assemblies/11657_5_34.fa	ERZ3164998.75	526	654	ColRNAI_1	1-128/130	========/======	1/1	98.46	84.50	plasmidfinder	DQ298019
/home/ryder/AMR_PROJECT/assemblies/11657_5_34.fa	ERZ3164998.85	1231	1491	IncFII_1	1-261/261	===============	0/0	100.00	100.00	plasmidfinder	AY458016
/home/ryder/AMR_PROJECT/assemblies/11657_5_34.fa	ERZ3164998.86	1679	2175	IncFIC(FII)_1	1-499/499	========/======	1/2	99.60	95.59	plasmidfinder	AP001918
