#FILE	SEQUENCE	START	END	GENE	COVERAGE	COVERAGE_MAP	GAPS	%COVERAGE	%IDENTITY	DATABASE	ACCESSION
/home/ryder/AMR_PROJECT/assemblies/11658_3_62.fa	ERZ3165826.25	43085	43240	IncB/O/K/Z_2	1-154/160	========/======	2/2	96.25	96.15	plasmidfinder	GU256641
/home/ryder/AMR_PROJECT/assemblies/11658_3_62.fa	ERZ3165826.51	19232	19492	IncFII(pRSB107)_1_pRSB107	1-261/261	===============	0/0	100.00	100.00	plasmidfinder	AJ851089
/home/ryder/AMR_PROJECT/assemblies/11658_3_62.fa	ERZ3165826.63	8799	9186	IncFIA_1	1-388/388	===============	0/0	100.00	99.74	plasmidfinder	AP001918
/home/ryder/AMR_PROJECT/assemblies/11658_3_62.fa	ERZ3165826.67	3706	3859	Col156_1	1-154/154	===============	0/0	100.00	98.70	plasmidfinder	NC_009781
/home/ryder/AMR_PROJECT/assemblies/11658_3_62.fa	ERZ3165826.78	5277	5958	IncFIB(AP001918)_1	1-682/682	===============	0/0	100.00	98.39	plasmidfinder	AP001918
