#FILE	SEQUENCE	START	END	GENE	COVERAGE	COVERAGE_MAP	GAPS	%COVERAGE	%IDENTITY	DATABASE	ACCESSION
/home/ryder/AMR_PROJECT/assemblies/11658_5_33.fa	ERZ3164487.126	446	563	ColRNAI_1	1-118/130	==============.	0/0	90.77	90.68	plasmidfinder	DQ298019
/home/ryder/AMR_PROJECT/assemblies/11658_5_33.fa	ERZ3164487.26	39819	40079	IncFII_1	1-261/261	===============	0/0	100.00	100.00	plasmidfinder	AY458016
/home/ryder/AMR_PROJECT/assemblies/11658_5_33.fa	ERZ3164487.59	4479	4598	ColRNAI_1	13-130/130	.=======/======	2/2	90.77	89.17	plasmidfinder	DQ298019
/home/ryder/AMR_PROJECT/assemblies/11658_5_33.fa	ERZ3164487.66	254	458	Col8282_1	1-205/207	===============	0/0	99.03	89.27	plasmidfinder	DQ995353
/home/ryder/AMR_PROJECT/assemblies/11658_5_33.fa	ERZ3164487.89	216	474	Col(MG828)_1	1-260/262	========/======	1/1	98.85	95.39	plasmidfinder	NC_008486
