#FILE	SEQUENCE	START	END	GENE	COVERAGE	COVERAGE_MAP	GAPS	%COVERAGE	%IDENTITY	DATABASE	ACCESSION
/home/ryder/AMR_PROJECT/assemblies/11657_7_32.fa	ERZ3164950.35	25309	25807	IncFIC(FII)_1	1-499/499	========/======	5/6	99.40	84.26	plasmidfinder	AP001918
/home/ryder/AMR_PROJECT/assemblies/11657_7_32.fa	ERZ3164950.45	5398	6079	IncFIB(AP001918)_1	1-682/682	===============	0/0	100.00	96.63	plasmidfinder	AP001918
/home/ryder/AMR_PROJECT/assemblies/11657_7_32.fa	ERZ3164950.55	6753	6906	Col156_1	1-154/154	===============	0/0	100.00	98.70	plasmidfinder	NC_009781
/home/ryder/AMR_PROJECT/assemblies/11657_7_32.fa	ERZ3164950.62	4019	4149	ColRNAI_1	1-130/130	========/======	1/1	100.00	88.55	plasmidfinder	DQ298019
