#FILE	SEQUENCE	START	END	GENE	COVERAGE	COVERAGE_MAP	GAPS	%COVERAGE	%IDENTITY	DATABASE	ACCESSION
/home/ryder/AMR_PROJECT/assemblies/11658_3_93.fa	ERZ3166321.54	34	153	ColRNAI_1	13-130/130	.=======/======	2/2	90.77	89.17	plasmidfinder	DQ298019
/home/ryder/AMR_PROJECT/assemblies/11658_3_93.fa	ERZ3166321.57	547	677	ColRNAI_1	1-130/130	========/======	1/1	100.00	88.55	plasmidfinder	DQ298019
/home/ryder/AMR_PROJECT/assemblies/11658_3_93.fa	ERZ3166321.58	2332	2485	Col156_1	1-154/154	===============	0/0	100.00	94.81	plasmidfinder	NC_009781
/home/ryder/AMR_PROJECT/assemblies/11658_3_93.fa	ERZ3166321.67	270	471	Col8282_1	4-205/207	===============	0/0	97.58	89.60	plasmidfinder	DQ995353
/home/ryder/AMR_PROJECT/assemblies/11658_3_93.fa	ERZ3166321.78	2031	2147	ColRNAI_1	13-130/130	.=======/======	3/3	89.23	82.35	plasmidfinder	DQ298019
/home/ryder/AMR_PROJECT/assemblies/11658_3_93.fa	ERZ3166321.87	1230	1491	Col(MG828)_1	1-262/262	===============	0/0	100.00	95.80	plasmidfinder	NC_008486
/home/ryder/AMR_PROJECT/assemblies/11658_3_93.fa	ERZ3166321.88	1180	1441	Col(MG828)_1	1-262/262	===============	0/0	100.00	93.51	plasmidfinder	NC_008486
