#FILE	SEQUENCE	START	END	GENE	COVERAGE	COVERAGE_MAP	GAPS	%COVERAGE	%IDENTITY	DATABASE	ACCESSION
/home/ryder/AMR_PROJECT/assemblies/11657_6_59.fa	ERZ3165674.111	335	592	Col(MG828)_1	1-258/262	===============	0/0	98.47	92.64	plasmidfinder	NC_008486
/home/ryder/AMR_PROJECT/assemblies/11657_6_59.fa	ERZ3165674.117	1041	1299	Col(MG828)_1	1-260/262	========/======	1/1	98.85	95.77	plasmidfinder	NC_008486
/home/ryder/AMR_PROJECT/assemblies/11657_6_59.fa	ERZ3165674.38	15487	15745	IncFII(29)_1_pUTI89	1-259/259	===============	0/0	100.00	99.61	plasmidfinder	CP003035
/home/ryder/AMR_PROJECT/assemblies/11657_6_59.fa	ERZ3165674.51	6027	6180	Col156_1	1-154/154	===============	0/0	100.00	97.40	plasmidfinder	NC_009781
/home/ryder/AMR_PROJECT/assemblies/11657_6_59.fa	ERZ3165674.69	1024	1705	IncFIB(AP001918)_1	1-682/682	===============	0/0	100.00	96.77	plasmidfinder	AP001918
