#FILE	SEQUENCE	START	END	GENE	COVERAGE	COVERAGE_MAP	GAPS	%COVERAGE	%IDENTITY	DATABASE	ACCESSION
/home/ryder/AMR_PROJECT/assemblies/11657_6_76.fa	ERZ3165972.103	1100	1358	Col(MG828)_1	1-260/262	========/======	1/1	98.85	95.77	plasmidfinder	NC_008486
/home/ryder/AMR_PROJECT/assemblies/11657_6_76.fa	ERZ3165972.11	58571	59019	IncQ1_1	1-449/450	========/======	2/2	99.56	78.00	plasmidfinder	HE654726
/home/ryder/AMR_PROJECT/assemblies/11657_6_76.fa	ERZ3165972.30	14952	15210	IncFII(29)_1_pUTI89	1-259/259	===============	0/0	100.00	99.61	plasmidfinder	CP003035
/home/ryder/AMR_PROJECT/assemblies/11657_6_76.fa	ERZ3165972.47	13141	13822	IncFIB(AP001918)_1	1-682/682	===============	0/0	100.00	96.63	plasmidfinder	AP001918
/home/ryder/AMR_PROJECT/assemblies/11657_6_76.fa	ERZ3165972.56	6753	6906	Col156_1	1-154/154	===============	0/0	100.00	98.70	plasmidfinder	NC_009781
/home/ryder/AMR_PROJECT/assemblies/11657_6_76.fa	ERZ3165972.68	5783	5913	ColRNAI_1	1-130/130	========/======	1/1	100.00	88.55	plasmidfinder	DQ298019
/home/ryder/AMR_PROJECT/assemblies/11657_6_76.fa	ERZ3165972.73	5182	5333	Col156_1	1-152/154	===============	0/0	98.70	90.79	plasmidfinder	NC_009781
