#FILE	SEQUENCE	START	END	GENE	COVERAGE	COVERAGE_MAP	GAPS	%COVERAGE	%IDENTITY	DATABASE	ACCESSION
/home/ryder/AMR_PROJECT/assemblies/11658_4_55.fa	ERZ3165396.28	42940	43198	IncFII(29)_1_pUTI89	1-259/259	===============	0/0	100.00	99.61	plasmidfinder	CP003035
/home/ryder/AMR_PROJECT/assemblies/11658_4_55.fa	ERZ3165396.40	18906	19060	IncB/O/K/Z_2	1-154/160	========/======	1/1	96.25	96.13	plasmidfinder	GU256641
/home/ryder/AMR_PROJECT/assemblies/11658_4_55.fa	ERZ3165396.41	8168	8849	IncFIB(AP001918)_1	1-682/682	===============	0/0	100.00	96.63	plasmidfinder	AP001918
/home/ryder/AMR_PROJECT/assemblies/11658_4_55.fa	ERZ3165396.48	2841	2994	Col156_1	1-154/154	===============	0/0	100.00	98.70	plasmidfinder	NC_009781
/home/ryder/AMR_PROJECT/assemblies/11658_4_55.fa	ERZ3165396.49	975	1105	ColRNAI_1	1-130/130	========/======	1/1	100.00	88.55	plasmidfinder	DQ298019
