#FILE	SEQUENCE	START	END	GENE	COVERAGE	COVERAGE_MAP	GAPS	%COVERAGE	%IDENTITY	DATABASE	ACCESSION
/home/ryder/AMR_PROJECT/assemblies/11657_5_22.fa	ERZ3164812.113	1	254	IncFIC(FII)_1	1-254/499	========.......	0/0	50.90	95.67	plasmidfinder	AP001918
/home/ryder/AMR_PROJECT/assemblies/11657_5_22.fa	ERZ3164812.51	6072	6455	IncFIA_1	5-388/388	===============	0/0	98.97	99.74	plasmidfinder	AP001918
/home/ryder/AMR_PROJECT/assemblies/11657_5_22.fa	ERZ3164812.57	1901	2582	IncFIB(AP001918)_1	1-682/682	===============	0/0	100.00	98.39	plasmidfinder	AP001918
/home/ryder/AMR_PROJECT/assemblies/11657_5_22.fa	ERZ3164812.74	1	112	IncFIC(FII)_1	188-299/499	.....====......	0/0	22.44	89.29	plasmidfinder	AP001918
/home/ryder/AMR_PROJECT/assemblies/11657_5_22.fa	ERZ3164812.93	1	314	IncFIC(FII)_1	188-499/499	.....===/======	4/4	62.32	77.78	plasmidfinder	AP001918
