#FILE	SEQUENCE	START	END	GENE	COVERAGE	COVERAGE_MAP	GAPS	%COVERAGE	%IDENTITY	DATABASE	ACCESSION
/home/ryder/AMR_PROJECT/assemblies/11657_5_46.fa	ERZ3165338.38	1981	2241	IncFII_1	1-261/261	===============	0/0	100.00	100.00	plasmidfinder	AY458016
/home/ryder/AMR_PROJECT/assemblies/11657_5_46.fa	ERZ3165338.56	4488	4618	ColRNAI_1	1-130/130	========/======	1/1	100.00	87.79	plasmidfinder	DQ298019
/home/ryder/AMR_PROJECT/assemblies/11657_5_46.fa	ERZ3165338.63	827	980	Col156_1	1-154/154	===============	0/0	100.00	94.16	plasmidfinder	NC_009781
/home/ryder/AMR_PROJECT/assemblies/11657_5_46.fa	ERZ3165338.70	1300	1561	Col(MG828)_1	1-262/262	===============	0/0	100.00	91.98	plasmidfinder	NC_008486
/home/ryder/AMR_PROJECT/assemblies/11657_5_46.fa	ERZ3165338.71	424	685	Col(MG828)_1	1-262/262	===============	0/0	100.00	93.13	plasmidfinder	NC_008486
