#FILE	SEQUENCE	START	END	GENE	COVERAGE	COVERAGE_MAP	GAPS	%COVERAGE	%IDENTITY	DATABASE	ACCESSION
/home/ryder/AMR_PROJECT/assemblies/11657_5_18.fa	ERZ3164677.142	310	567	Col(MG828)_1	1-258/262	===============	0/0	98.47	94.19	plasmidfinder	NC_008486
/home/ryder/AMR_PROJECT/assemblies/11657_5_18.fa	ERZ3164677.21	7889	8039	IncB/O/K/Z_1	1-151/151	===============	0/0	100.00	100.00	plasmidfinder	CU928147
/home/ryder/AMR_PROJECT/assemblies/11657_5_18.fa	ERZ3164677.266	200	287	ColRNAI_1	1-88/130	===========....	0/0	67.69	93.18	plasmidfinder	DQ298019
/home/ryder/AMR_PROJECT/assemblies/11657_5_18.fa	ERZ3164677.38	1223	1904	IncFIB(AP001918)_1	1-682/682	===============	0/0	100.00	98.39	plasmidfinder	AP001918
/home/ryder/AMR_PROJECT/assemblies/11657_5_18.fa	ERZ3164677.43	6181	6441	IncFII(pCoo)_1_pCoo	1-262/262	========/======	1/1	99.62	96.95	plasmidfinder	CR942285
/home/ryder/AMR_PROJECT/assemblies/11657_5_18.fa	ERZ3164677.45	11204	11482	IncFIA_1	27-305/388	.===========...	0/0	71.91	100.00	plasmidfinder	AP001918
/home/ryder/AMR_PROJECT/assemblies/11657_5_18.fa	ERZ3164677.59	6390	6496	ColRNAI_1	25-130/130	..======/======	1/1	81.54	86.92	plasmidfinder	DQ298019
/home/ryder/AMR_PROJECT/assemblies/11657_5_18.fa	ERZ3164677.62	376	529	Col156_1	1-154/154	===============	0/0	100.00	94.81	plasmidfinder	NC_009781
/home/ryder/AMR_PROJECT/assemblies/11657_5_18.fa	ERZ3164677.66	1043	1539	IncFIC(FII)_1	1-499/499	========/======	1/2	99.60	95.59	plasmidfinder	AP001918
/home/ryder/AMR_PROJECT/assemblies/11657_5_18.fa	ERZ3164677.80	3004	3107	ColRNAI_1	25-128/130	..=============	0/0	80.00	88.46	plasmidfinder	DQ298019
/home/ryder/AMR_PROJECT/assemblies/11657_5_18.fa	ERZ3164677.90	1	86	Col(MG828)_1	177-262/262	..........=====	0/0	32.82	93.02	plasmidfinder	NC_008486
/home/ryder/AMR_PROJECT/assemblies/11657_5_18.fa	ERZ3164677.90	2080	2249	Col(MG828)_1	1-170/262	==========.....	0/0	64.89	94.12	plasmidfinder	NC_008486
