#FILE	SEQUENCE	START	END	GENE	COVERAGE	COVERAGE_MAP	GAPS	%COVERAGE	%IDENTITY	DATABASE	ACCESSION
/home/ryder/AMR_PROJECT/assemblies/11658_3_67.fa	ERZ3165912.56	5182	5333	Col156_1	1-152/154	===============	0/0	98.70	90.79	plasmidfinder	NC_009781
/home/ryder/AMR_PROJECT/assemblies/11658_3_67.fa	ERZ3165912.75	1543	1745	Col(MG828)_1	60-262/262	...============	0/0	77.48	93.60	plasmidfinder	NC_008486
/home/ryder/AMR_PROJECT/assemblies/11658_3_67.fa	ERZ3165912.83	85	277	ColpVC_1	1-193/193	===============	0/0	100.00	98.45	plasmidfinder	JX133088
/home/ryder/AMR_PROJECT/assemblies/11658_3_67.fa	ERZ3165912.87	1	59	Col(MG828)_1	1-59/262	====...........	0/0	22.52	98.31	plasmidfinder	NC_008486
