#FILE	SEQUENCE	START	END	GENE	COVERAGE	COVERAGE_MAP	GAPS	%COVERAGE	%IDENTITY	DATABASE	ACCESSION
/home/ryder/AMR_PROJECT/assemblies/11657_7_57.fa	ERZ3165639.37	16426	17420	pSL483_1	1-995/995	===============	0/0	100.00	93.27	plasmidfinder	CP001137
/home/ryder/AMR_PROJECT/assemblies/11657_7_57.fa	ERZ3165639.46	4793	5180	IncFIA_1	1-388/388	===============	0/0	100.00	100.00	plasmidfinder	AP001918
/home/ryder/AMR_PROJECT/assemblies/11657_7_57.fa	ERZ3165639.66	1203	1463	IncFII(pRSB107)_1_pRSB107	1-261/261	===============	0/0	100.00	100.00	plasmidfinder	AJ851089
/home/ryder/AMR_PROJECT/assemblies/11657_7_57.fa	ERZ3165639.79	259	460	Col8282_1	4-205/207	===============	0/0	97.58	89.60	plasmidfinder	DQ995353
/home/ryder/AMR_PROJECT/assemblies/11657_7_57.fa	ERZ3165639.80	2124	2805	IncFIB(AP001918)_1	1-682/682	===============	0/0	100.00	97.95	plasmidfinder	AP001918
