#FILE	SEQUENCE	START	END	GENE	COVERAGE	COVERAGE_MAP	GAPS	%COVERAGE	%IDENTITY	DATABASE	ACCESSION
/home/ryder/AMR_PROJECT/assemblies/11658_3_25.fa	ERZ3165055.18	49055	49326	IncFIC(FII)_1	1-271/499	========/......	1/1	54.31	95.96	plasmidfinder	AP001918
/home/ryder/AMR_PROJECT/assemblies/11658_3_25.fa	ERZ3165055.18	89948	90629	IncFIB(AP001918)_1	1-682/682	===============	0/0	100.00	98.39	plasmidfinder	AP001918
/home/ryder/AMR_PROJECT/assemblies/11658_3_25.fa	ERZ3165055.25	38484	39358	IncFIB(pHCM2)_1_pHCM2	1-875/875	===============	0/0	100.00	84.00	plasmidfinder	AL513384
/home/ryder/AMR_PROJECT/assemblies/11658_3_25.fa	ERZ3165055.63	974	1104	ColRNAI_1	1-130/130	========/======	1/1	100.00	88.55	plasmidfinder	DQ298019
