#FILE	SEQUENCE	START	END	GENE	COVERAGE	COVERAGE_MAP	GAPS	%COVERAGE	%IDENTITY	DATABASE	ACCESSION
/home/ryder/AMR_PROJECT/assemblies/11658_4_14.fa	ERZ3164464.124	841	960	ColRNAI_1	13-130/130	.=======/======	2/2	90.77	89.17	plasmidfinder	DQ298019
/home/ryder/AMR_PROJECT/assemblies/11658_4_14.fa	ERZ3164464.129	1	73	ColRNAI_1	1-73/130	=========......	0/0	56.15	94.52	plasmidfinder	DQ298019
/home/ryder/AMR_PROJECT/assemblies/11658_4_14.fa	ERZ3164464.130	3779	3932	Col156_1	1-154/154	===============	0/0	100.00	96.75	plasmidfinder	NC_009781
/home/ryder/AMR_PROJECT/assemblies/11658_4_14.fa	ERZ3164464.134	3201	3331	ColRNAI_1	1-130/130	========/======	1/1	100.00	87.79	plasmidfinder	DQ298019
/home/ryder/AMR_PROJECT/assemblies/11658_4_14.fa	ERZ3164464.139	2693	2846	Col156_1	1-154/154	===============	0/0	100.00	94.81	plasmidfinder	NC_009781
/home/ryder/AMR_PROJECT/assemblies/11658_4_14.fa	ERZ3164464.157	1224	1456	Col(BS512)_1	1-233/233	===============	0/0	100.00	100.00	plasmidfinder	NC_010656
/home/ryder/AMR_PROJECT/assemblies/11658_4_14.fa	ERZ3164464.157	1528	1720	Col(BS512)_1__NC_010656_dupe	1-193/193	===============	0/0	100.00	100.00	plasmidfinder	
/home/ryder/AMR_PROJECT/assemblies/11658_4_14.fa	ERZ3164464.170	3	264	Col(MG828)_1	1-262/262	===============	0/0	100.00	91.98	plasmidfinder	NC_008486
/home/ryder/AMR_PROJECT/assemblies/11658_4_14.fa	ERZ3164464.170	1552	1614	Col(MG828)_1	1-63/262	====...........	0/0	24.05	93.65	plasmidfinder	NC_008486
