#FILE	SEQUENCE	START	END	GENE	COVERAGE	COVERAGE_MAP	GAPS	%COVERAGE	%IDENTITY	DATABASE	ACCESSION
/home/ryder/AMR_PROJECT/assemblies/11657_7_30.fa	ERZ3164921.104	216	474	Col(MG828)_1	1-260/262	========/======	1/1	98.85	95.77	plasmidfinder	NC_008486
/home/ryder/AMR_PROJECT/assemblies/11657_7_30.fa	ERZ3164921.25	73493	73652	IncB/O/K/Z_2	1-160/160	===============	0/0	100.00	100.00	plasmidfinder	GU256641
/home/ryder/AMR_PROJECT/assemblies/11657_7_30.fa	ERZ3164921.39	15833	16091	IncFII(29)_1_pUTI89	1-259/259	===============	0/0	100.00	99.61	plasmidfinder	CP003035
/home/ryder/AMR_PROJECT/assemblies/11657_7_30.fa	ERZ3164921.56	6753	6906	Col156_1	1-154/154	===============	0/0	100.00	98.70	plasmidfinder	NC_009781
/home/ryder/AMR_PROJECT/assemblies/11657_7_30.fa	ERZ3164921.58	8426	9107	IncFIB(AP001918)_1	1-682/682	===============	0/0	100.00	96.63	plasmidfinder	AP001918
/home/ryder/AMR_PROJECT/assemblies/11657_7_30.fa	ERZ3164921.74	3614	3818	Col8282_1	1-205/207	===============	0/0	99.03	89.27	plasmidfinder	DQ995353
/home/ryder/AMR_PROJECT/assemblies/11657_7_30.fa	ERZ3164921.85	624	816	Col(MP18)_1	1-193/193	===============	0/0	100.00	99.48	plasmidfinder	NC_013652
