#FILE	SEQUENCE	START	END	GENE	COVERAGE	COVERAGE_MAP	GAPS	%COVERAGE	%IDENTITY	DATABASE	ACCESSION
/home/ryder/AMR_PROJECT/assemblies/11657_5_92.fa	ERZ3166108.101	312	573	IncFIC(FII)_1	1-261/499	========/......	1/1	52.30	95.80	plasmidfinder	AP001918
/home/ryder/AMR_PROJECT/assemblies/11657_5_92.fa	ERZ3166108.38	13466	13853	IncFIA_1	1-388/388	===============	0/0	100.00	99.74	plasmidfinder	AP001918
/home/ryder/AMR_PROJECT/assemblies/11657_5_92.fa	ERZ3166108.41	16776	17457	IncFIB(AP001918)_1	1-682/682	===============	0/0	100.00	97.65	plasmidfinder	AP001918
/home/ryder/AMR_PROJECT/assemblies/11657_5_92.fa	ERZ3166108.70	259	460	Col8282_1	4-205/207	===============	0/0	97.58	89.60	plasmidfinder	DQ995353
/home/ryder/AMR_PROJECT/assemblies/11657_5_92.fa	ERZ3166108.71	1	105	IncFIC(FII)_1	196-299/499	.....===/=.....	1/1	20.84	87.62	plasmidfinder	AP001918
/home/ryder/AMR_PROJECT/assemblies/11657_5_92.fa	ERZ3166108.82	1	306	IncFIC(FII)_1	196-499/499	.....===/======	4/4	60.72	77.20	plasmidfinder	AP001918
