#FILE	SEQUENCE	START	END	GENE	COVERAGE	COVERAGE_MAP	GAPS	%COVERAGE	%IDENTITY	DATABASE	ACCESSION
/home/ryder/AMR_PROJECT/assemblies/11658_4_76.fa	ERZ3165892.113	1	177	Col(MG828)_1	82-258/262	....===========	0/0	67.56	95.48	plasmidfinder	NC_008486
/home/ryder/AMR_PROJECT/assemblies/11658_4_76.fa	ERZ3165892.113	1426	1573	Col(MG828)_1	1-148/262	=========......	0/0	56.49	92.57	plasmidfinder	NC_008486
/home/ryder/AMR_PROJECT/assemblies/11658_4_76.fa	ERZ3165892.164	1	88	ColRNAI_1	1-88/130	===========....	0/0	67.69	93.18	plasmidfinder	DQ298019
/home/ryder/AMR_PROJECT/assemblies/11658_4_76.fa	ERZ3165892.32	42002	42498	IncFIC(FII)_1	1-499/499	========/======	1/2	99.60	95.59	plasmidfinder	AP001918
/home/ryder/AMR_PROJECT/assemblies/11658_4_76.fa	ERZ3165892.36	37723	38099	IncX1_4	1-377/377	===============	0/0	100.00	98.94	plasmidfinder	JN935898
/home/ryder/AMR_PROJECT/assemblies/11658_4_76.fa	ERZ3165892.60	1900	2581	IncFIB(AP001918)_1	1-682/682	===============	0/0	100.00	98.39	plasmidfinder	AP001918
/home/ryder/AMR_PROJECT/assemblies/11658_4_76.fa	ERZ3165892.87	6411	6520	ColRNAI_1	22-130/130	..======/======	1/1	83.85	88.18	plasmidfinder	DQ298019
/home/ryder/AMR_PROJECT/assemblies/11658_4_76.fa	ERZ3165892.96	1	110	ColRNAI_1	22-130/130	..======/======	1/1	83.85	89.09	plasmidfinder	DQ298019
