#FILE	SEQUENCE	START	END	GENE	COVERAGE	COVERAGE_MAP	GAPS	%COVERAGE	%IDENTITY	DATABASE	ACCESSION
/home/ryder/AMR_PROJECT/assemblies/11658_4_85.fa	ERZ3165961.108	1	72	IncFII(29)_1_pUTI89	1-72/259	=====..........	0/0	27.80	100.00	plasmidfinder	CP003035
/home/ryder/AMR_PROJECT/assemblies/11658_4_85.fa	ERZ3165961.150	1	254	IncFII(29)_1_pUTI89	6-259/259	===============	0/0	98.07	99.61	plasmidfinder	CP003035
/home/ryder/AMR_PROJECT/assemblies/11658_4_85.fa	ERZ3165961.151	352	607	IncFII_1	6-261/261	===============	0/0	98.08	100.00	plasmidfinder	AY458016
/home/ryder/AMR_PROJECT/assemblies/11658_4_85.fa	ERZ3165961.50	5339	6020	IncFIB(AP001918)_1	1-682/682	===============	0/0	100.00	96.63	plasmidfinder	AP001918
/home/ryder/AMR_PROJECT/assemblies/11658_4_85.fa	ERZ3165961.62	1473	1860	IncFIA_1	1-388/388	===============	0/0	100.00	99.74	plasmidfinder	AP001918
