#FILE	SEQUENCE	START	END	GENE	COVERAGE	COVERAGE_MAP	GAPS	%COVERAGE	%IDENTITY	DATABASE	ACCESSION
/home/ryder/AMR_PROJECT/assemblies/11657_6_92.fa	ERZ3166264.103	1011	1203	ColpVC_1	1-193/193	===============	0/0	100.00	88.60	plasmidfinder	JX133088
/home/ryder/AMR_PROJECT/assemblies/11657_6_92.fa	ERZ3166264.113	1064	1322	Col(MG828)_1	1-260/262	========/======	1/1	98.85	95.77	plasmidfinder	NC_008486
/home/ryder/AMR_PROJECT/assemblies/11657_6_92.fa	ERZ3166264.31	12867	13021	IncB/O/K/Z_2	1-154/160	========/======	3/3	95.62	94.87	plasmidfinder	GU256641
/home/ryder/AMR_PROJECT/assemblies/11657_6_92.fa	ERZ3166264.36	18911	19169	IncFII(29)_1_pUTI89	1-259/259	===============	0/0	100.00	99.61	plasmidfinder	CP003035
/home/ryder/AMR_PROJECT/assemblies/11657_6_92.fa	ERZ3166264.60	9539	9692	Col156_1	1-154/154	===============	0/0	100.00	98.70	plasmidfinder	NC_009781
/home/ryder/AMR_PROJECT/assemblies/11657_6_92.fa	ERZ3166264.73	1024	1705	IncFIB(AP001918)_1	1-682/682	===============	0/0	100.00	96.63	plasmidfinder	AP001918
/home/ryder/AMR_PROJECT/assemblies/11657_6_92.fa	ERZ3166264.77	4479	4598	ColRNAI_1	13-130/130	.=======/======	2/2	90.77	89.17	plasmidfinder	DQ298019
