#FILE	SEQUENCE	START	END	GENE	COVERAGE	COVERAGE_MAP	GAPS	%COVERAGE	%IDENTITY	DATABASE	ACCESSION
/home/ryder/AMR_PROJECT/assemblies/11658_4_70.fa	ERZ3165805.100	340	541	Col8282_1	4-205/207	===============	0/0	97.58	89.11	plasmidfinder	DQ995353
/home/ryder/AMR_PROJECT/assemblies/11658_4_70.fa	ERZ3165805.47	4913	5594	IncFIB(AP001918)_1	1-682/682	===============	0/0	100.00	96.63	plasmidfinder	AP001918
/home/ryder/AMR_PROJECT/assemblies/11658_4_70.fa	ERZ3165805.48	2449	2764	IncI2_1_Delta	1-316/316	===============	0/0	100.00	97.78	plasmidfinder	AP002527
/home/ryder/AMR_PROJECT/assemblies/11658_4_70.fa	ERZ3165805.73	10447	10705	IncFII(29)_1_pUTI89	1-259/259	===============	0/0	100.00	99.61	plasmidfinder	CP003035
/home/ryder/AMR_PROJECT/assemblies/11658_4_70.fa	ERZ3165805.79	6820	6961	Col156_1	13-154/154	.==============	0/0	92.21	98.59	plasmidfinder	NC_009781
/home/ryder/AMR_PROJECT/assemblies/11658_4_70.fa	ERZ3165805.96	141	590	IncQ1_1	1-450/450	===============	0/0	100.00	100.00	plasmidfinder	HE654726
