#FILE	SEQUENCE	START	END	GENE	COVERAGE	COVERAGE_MAP	GAPS	%COVERAGE	%IDENTITY	DATABASE	ACCESSION
/home/ryder/AMR_PROJECT/assemblies/11658_3_94.fa	ERZ3166325.181	1	314	IncFIC(FII)_1	188-499/499	.....===/======	4/4	62.32	77.78	plasmidfinder	AP001918
/home/ryder/AMR_PROJECT/assemblies/11658_3_94.fa	ERZ3166325.233	1	105	IncFIC(FII)_1	195-299/499	.....====......	0/0	21.04	88.57	plasmidfinder	AP001918
/home/ryder/AMR_PROJECT/assemblies/11658_3_94.fa	ERZ3166325.59	1901	2582	IncFIB(AP001918)_1	1-682/682	===============	0/0	100.00	98.39	plasmidfinder	AP001918
/home/ryder/AMR_PROJECT/assemblies/11658_3_94.fa	ERZ3166325.62	515	813	IncFIC(FII)_1	1-299/499	=========......	0/0	59.92	94.65	plasmidfinder	AP001918
/home/ryder/AMR_PROJECT/assemblies/11658_3_94.fa	ERZ3166325.64	6072	6455	IncFIA_1	5-388/388	===============	0/0	98.97	99.74	plasmidfinder	AP001918
