#FILE	SEQUENCE	START	END	GENE	COVERAGE	COVERAGE_MAP	GAPS	%COVERAGE	%IDENTITY	DATABASE	ACCESSION
/home/ryder/AMR_PROJECT/assemblies/11657_7_45.fa	ERZ3165414.37	3433	3820	IncFIA_1	1-388/388	===============	0/0	100.00	99.74	plasmidfinder	AP001918
/home/ryder/AMR_PROJECT/assemblies/11657_7_45.fa	ERZ3165414.37	21408	22050	IncFIB(pB171)_1_pB171	1-643/643	===============	0/0	100.00	99.22	plasmidfinder	AB024946
/home/ryder/AMR_PROJECT/assemblies/11657_7_45.fa	ERZ3165414.57	5472	5845	IncX4_1	1-374/374	===============	0/0	100.00	100.00	plasmidfinder	CP002895
/home/ryder/AMR_PROJECT/assemblies/11657_7_45.fa	ERZ3165414.64	3929	4378	IncQ1_1	1-450/450	===============	0/0	100.00	100.00	plasmidfinder	HE654726
