#FILE	SEQUENCE	START	END	GENE	COVERAGE	COVERAGE_MAP	GAPS	%COVERAGE	%IDENTITY	DATABASE	ACCESSION
/home/ryder/AMR_PROJECT/assemblies/11657_7_76.fa	ERZ3165856.38	12483	12859	IncX1_4	1-377/377	===============	0/0	100.00	98.94	plasmidfinder	JN935898
/home/ryder/AMR_PROJECT/assemblies/11657_7_76.fa	ERZ3165856.54	131	284	Col156_1	1-154/154	===============	0/0	100.00	94.81	plasmidfinder	NC_009781
/home/ryder/AMR_PROJECT/assemblies/11657_7_76.fa	ERZ3165856.68	1346	1476	ColRNAI_1	1-130/130	========/======	1/1	100.00	88.55	plasmidfinder	DQ298019
/home/ryder/AMR_PROJECT/assemblies/11657_7_76.fa	ERZ3165856.72	377	569	Col(BS512)_1__NC_010656_dupe	1-193/193	===============	0/0	100.00	100.00	plasmidfinder	
/home/ryder/AMR_PROJECT/assemblies/11657_7_76.fa	ERZ3165856.72	641	873	Col(BS512)_1	1-233/233	===============	0/0	100.00	100.00	plasmidfinder	NC_010656
