#FILE	SEQUENCE	START	END	GENE	COVERAGE	COVERAGE_MAP	GAPS	%COVERAGE	%IDENTITY	DATABASE	ACCESSION
/home/ryder/AMR_PROJECT/assemblies/11657_6_40.fa	ERZ3165163.124	448	640	Col(BS512)_1__NC_010656_dupe	1-193/193	===============	0/0	100.00	100.00	plasmidfinder	
/home/ryder/AMR_PROJECT/assemblies/11657_6_40.fa	ERZ3165163.124	712	944	Col(BS512)_1	1-233/233	===============	0/0	100.00	100.00	plasmidfinder	NC_010656
/home/ryder/AMR_PROJECT/assemblies/11657_6_40.fa	ERZ3165163.204	71	263	ColpVC_1	1-193/193	===============	0/0	100.00	98.96	plasmidfinder	JX133088
/home/ryder/AMR_PROJECT/assemblies/11657_6_40.fa	ERZ3165163.37	43282	43441	IncB/O/K/Z_2	1-160/160	===============	0/0	100.00	100.00	plasmidfinder	GU256641
/home/ryder/AMR_PROJECT/assemblies/11657_6_40.fa	ERZ3165163.68	8367	9048	IncFIB(AP001918)_1	1-682/682	===============	0/0	100.00	96.48	plasmidfinder	AP001918
/home/ryder/AMR_PROJECT/assemblies/11657_6_40.fa	ERZ3165163.70	1131	1272	IncI1_1_Alpha	1-142/142	===============	0/0	100.00	100.00	plasmidfinder	AP005147
/home/ryder/AMR_PROJECT/assemblies/11657_6_40.fa	ERZ3165163.73	10447	10705	IncFII(29)_1_pUTI89	1-259/259	===============	0/0	100.00	99.61	plasmidfinder	CP003035
/home/ryder/AMR_PROJECT/assemblies/11657_6_40.fa	ERZ3165163.79	6686	6839	Col156_1	1-154/154	===============	0/0	100.00	92.86	plasmidfinder	NC_009781
