#FILE	SEQUENCE	START	END	GENE	COVERAGE	COVERAGE_MAP	GAPS	%COVERAGE	%IDENTITY	DATABASE	ACCESSION
/home/ryder/AMR_PROJECT/assemblies/11658_5_26.fa	ERZ3164448.102	1032	1345	IncFIC(FII)_1	188-499/499	.....===/======	4/4	62.32	77.78	plasmidfinder	AP001918
/home/ryder/AMR_PROJECT/assemblies/11658_5_26.fa	ERZ3164448.133	1	254	IncFIC(FII)_1	1-254/499	========.......	0/0	50.90	95.28	plasmidfinder	AP001918
/home/ryder/AMR_PROJECT/assemblies/11658_5_26.fa	ERZ3164448.18	42445	43004	IncFIB(pKPHS1)_1_pKPHS1	1-560/560	========/======	4/8	99.29	76.24	plasmidfinder	CP003223
/home/ryder/AMR_PROJECT/assemblies/11658_5_26.fa	ERZ3164448.40	6072	6455	IncFIA_1	5-388/388	===============	0/0	98.97	99.74	plasmidfinder	AP001918
/home/ryder/AMR_PROJECT/assemblies/11658_5_26.fa	ERZ3164448.53	8468	9149	IncFIB(AP001918)_1	1-682/682	===============	0/0	100.00	98.39	plasmidfinder	AP001918
/home/ryder/AMR_PROJECT/assemblies/11658_5_26.fa	ERZ3164448.76	3550	3661	IncFIC(FII)_1	188-299/499	.....====......	0/0	22.44	89.29	plasmidfinder	AP001918
