#FILE	SEQUENCE	START	END	GENE	COVERAGE	COVERAGE_MAP	GAPS	%COVERAGE	%IDENTITY	DATABASE	ACCESSION
/home/ryder/AMR_PROJECT/assemblies/11657_6_18.fa	ERZ3164657.45	5530	6211	IncFIB(AP001918)_1	1-682/682	===============	0/0	100.00	96.63	plasmidfinder	AP001918
/home/ryder/AMR_PROJECT/assemblies/11657_6_18.fa	ERZ3164657.58	1973	2471	IncFIC(FII)_1	1-499/499	========/======	5/6	99.40	84.26	plasmidfinder	AP001918
/home/ryder/AMR_PROJECT/assemblies/11657_6_18.fa	ERZ3164657.58	9527	9680	Col156_1	1-154/154	===============	0/0	100.00	98.70	plasmidfinder	NC_009781
/home/ryder/AMR_PROJECT/assemblies/11657_6_18.fa	ERZ3164657.84	1218	1450	Col(BS512)_1	1-233/233	===============	0/0	100.00	100.00	plasmidfinder	NC_010656
/home/ryder/AMR_PROJECT/assemblies/11657_6_18.fa	ERZ3164657.84	1522	1714	Col(BS512)_1__NC_010656_dupe	1-193/193	===============	0/0	100.00	100.00	plasmidfinder	
