#FILE	SEQUENCE	START	END	GENE	COVERAGE	COVERAGE_MAP	GAPS	%COVERAGE	%IDENTITY	DATABASE	ACCESSION
/home/ryder/AMR_PROJECT/assemblies/11658_3_3.fa	ERZ3164560.55	4793	5180	IncFIA_1	1-388/388	===============	0/0	100.00	99.74	plasmidfinder	AP001918
/home/ryder/AMR_PROJECT/assemblies/11658_3_3.fa	ERZ3164560.56	11320	11580	IncFII(pRSB107)_1_pRSB107	1-261/261	===============	0/0	100.00	100.00	plasmidfinder	AJ851089
/home/ryder/AMR_PROJECT/assemblies/11658_3_3.fa	ERZ3164560.70	5505	6186	IncFIB(AP001918)_1	1-682/682	===============	0/0	100.00	97.95	plasmidfinder	AP001918
/home/ryder/AMR_PROJECT/assemblies/11658_3_3.fa	ERZ3164560.84	3338	3491	Col156_1	1-154/154	===============	0/0	100.00	94.81	plasmidfinder	NC_009781
