#FILE	SEQUENCE	START	END	GENE	COVERAGE	COVERAGE_MAP	GAPS	%COVERAGE	%IDENTITY	DATABASE	ACCESSION
/home/ryder/AMR_PROJECT/assemblies/11657_6_6.fa	ERZ3164486.132	180	441	Col(MG828)_1	1-262/262	===============	0/0	100.00	93.51	plasmidfinder	NC_008486
/home/ryder/AMR_PROJECT/assemblies/11657_6_6.fa	ERZ3164486.19	76479	76634	IncB/O/K/Z_2	1-154/160	========/======	2/2	96.25	96.15	plasmidfinder	GU256641
/home/ryder/AMR_PROJECT/assemblies/11657_6_6.fa	ERZ3164486.29	41726	42222	IncFIC(FII)_1	1-499/499	========/======	1/2	99.60	95.59	plasmidfinder	AP001918
/home/ryder/AMR_PROJECT/assemblies/11657_6_6.fa	ERZ3164486.62	1223	1904	IncFIB(AP001918)_1	1-682/682	===============	0/0	100.00	98.39	plasmidfinder	AP001918
/home/ryder/AMR_PROJECT/assemblies/11657_6_6.fa	ERZ3164486.65	2591	2721	ColRNAI_1	1-130/130	========/======	1/1	100.00	87.79	plasmidfinder	DQ298019
/home/ryder/AMR_PROJECT/assemblies/11657_6_6.fa	ERZ3164486.71	1683	1836	Col156_1	1-154/154	===============	0/0	100.00	94.81	plasmidfinder	NC_009781
