#FILE	SEQUENCE	START	END	GENE	COVERAGE	COVERAGE_MAP	GAPS	%COVERAGE	%IDENTITY	DATABASE	ACCESSION
/home/ryder/AMR_PROJECT/assemblies/11657_5_68.fa	ERZ3165701.114	1220	1452	Col(BS512)_1	1-233/233	===============	0/0	100.00	100.00	plasmidfinder	NC_010656
/home/ryder/AMR_PROJECT/assemblies/11657_5_68.fa	ERZ3165701.114	1524	1716	Col(BS512)_1__NC_010656_dupe	1-193/193	===============	0/0	100.00	99.48	plasmidfinder	
/home/ryder/AMR_PROJECT/assemblies/11657_5_68.fa	ERZ3165701.26	4765	5025	IncFII_1	1-261/261	===============	0/0	100.00	100.00	plasmidfinder	AY458016
/home/ryder/AMR_PROJECT/assemblies/11657_5_68.fa	ERZ3165701.58	637	1318	IncFIB(AP001918)_1	1-682/682	===============	0/0	100.00	98.39	plasmidfinder	AP001918
/home/ryder/AMR_PROJECT/assemblies/11657_5_68.fa	ERZ3165701.73	3410	3793	IncFIA_1	5-388/388	===============	0/0	98.97	99.48	plasmidfinder	AP001918
