#FILE	SEQUENCE	START	END	GENE	COVERAGE	COVERAGE_MAP	GAPS	%COVERAGE	%IDENTITY	DATABASE	ACCESSION
/home/ryder/AMR_PROJECT/assemblies/11658_3_79.fa	ERZ3166060.65	3690	3891	Col8282_1	4-205/207	===============	0/0	97.58	89.60	plasmidfinder	DQ995353
/home/ryder/AMR_PROJECT/assemblies/11658_3_79.fa	ERZ3166060.80	843	1035	ColpVC_1	1-193/193	===============	0/0	100.00	98.96	plasmidfinder	JX133088
/home/ryder/AMR_PROJECT/assemblies/11658_3_79.fa	ERZ3166060.94	286	547	Col(MG828)_1	1-262/262	===============	0/0	100.00	91.98	plasmidfinder	NC_008486
/home/ryder/AMR_PROJECT/assemblies/11658_3_79.fa	ERZ3166060.95	356	617	Col(MG828)_1	1-262/262	===============	0/0	100.00	93.13	plasmidfinder	NC_008486
