#FILE	SEQUENCE	START	END	GENE	COVERAGE	COVERAGE_MAP	GAPS	%COVERAGE	%IDENTITY	DATABASE	ACCESSION
/home/ryder/AMR_PROJECT/assemblies/11657_6_44.fa	ERZ3165351.32	53821	54081	IncFII_1	1-261/261	===============	0/0	100.00	100.00	plasmidfinder	AY458016
/home/ryder/AMR_PROJECT/assemblies/11657_6_44.fa	ERZ3165351.47	14733	15414	IncFIB(AP001918)_1	1-682/682	===============	0/0	100.00	98.39	plasmidfinder	AP001918
/home/ryder/AMR_PROJECT/assemblies/11657_6_44.fa	ERZ3165351.58	419	932	IncN_1	1-514/514	===============	0/0	100.00	99.22	plasmidfinder	AY046276
/home/ryder/AMR_PROJECT/assemblies/11657_6_44.fa	ERZ3165351.65	142	591	IncQ1_1	1-450/450	===============	0/0	100.00	100.00	plasmidfinder	HE654726
/home/ryder/AMR_PROJECT/assemblies/11657_6_44.fa	ERZ3165351.72	2098	2357	Col(MG828)_1	1-262/262	========/======	5/6	98.47	84.09	plasmidfinder	NC_008486
