#FILE	SEQUENCE	START	END	GENE	COVERAGE	COVERAGE_MAP	GAPS	%COVERAGE	%IDENTITY	DATABASE	ACCESSION
/home/ryder/AMR_PROJECT/assemblies/11658_3_87.fa	ERZ3166173.106	842	1034	ColpVC_1	1-193/193	===============	0/0	100.00	97.41	plasmidfinder	JX133088
/home/ryder/AMR_PROJECT/assemblies/11658_3_87.fa	ERZ3166173.115	1	314	IncFIC(FII)_1	188-499/499	.....===/======	4/4	62.32	77.78	plasmidfinder	AP001918
/home/ryder/AMR_PROJECT/assemblies/11658_3_87.fa	ERZ3166173.149	312	565	IncFIC(FII)_1	1-254/499	========.......	0/0	50.90	96.06	plasmidfinder	AP001918
/home/ryder/AMR_PROJECT/assemblies/11658_3_87.fa	ERZ3166173.63	3410	3793	IncFIA_1	5-388/388	===============	0/0	98.97	99.74	plasmidfinder	AP001918
/home/ryder/AMR_PROJECT/assemblies/11658_3_87.fa	ERZ3166173.69	5452	6133	IncFIB(AP001918)_1	1-682/682	===============	0/0	100.00	98.39	plasmidfinder	AP001918
/home/ryder/AMR_PROJECT/assemblies/11658_3_87.fa	ERZ3166173.79	3	103	Col156_1	1-101/154	==========.....	0/0	65.58	96.04	plasmidfinder	NC_009781
/home/ryder/AMR_PROJECT/assemblies/11658_3_87.fa	ERZ3166173.79	5115	5232	Col156_1	37-154/154	...============	0/0	76.62	93.22	plasmidfinder	NC_009781
/home/ryder/AMR_PROJECT/assemblies/11658_3_87.fa	ERZ3166173.88	337	543	Col8282_1	1-207/207	===============	0/0	100.00	100.00	plasmidfinder	DQ995353
/home/ryder/AMR_PROJECT/assemblies/11658_3_87.fa	ERZ3166173.91	3549	3660	IncFIC(FII)_1	188-299/499	.....====......	0/0	22.44	89.29	plasmidfinder	AP001918
