#FILE	SEQUENCE	START	END	GENE	COVERAGE	COVERAGE_MAP	GAPS	%COVERAGE	%IDENTITY	DATABASE	ACCESSION
/home/ryder/AMR_PROJECT/assemblies/11658_3_75.fa	ERZ3166033.26	13885	14143	IncFII(29)_1_pUTI89	1-259/259	===============	0/0	100.00	99.61	plasmidfinder	CP003035
/home/ryder/AMR_PROJECT/assemblies/11658_3_75.fa	ERZ3166033.37	22927	23608	IncFIB(AP001918)_1	1-682/682	===============	0/0	100.00	96.63	plasmidfinder	AP001918
/home/ryder/AMR_PROJECT/assemblies/11658_3_75.fa	ERZ3166033.48	6753	6906	Col156_1	1-154/154	===============	0/0	100.00	98.70	plasmidfinder	NC_009781
/home/ryder/AMR_PROJECT/assemblies/11658_3_75.fa	ERZ3166033.50	6762	6891	ColRNAI_1	1-130/130	===============	0/0	100.00	100.00	plasmidfinder	DQ298019
/home/ryder/AMR_PROJECT/assemblies/11658_3_75.fa	ERZ3166033.70	1181	1440	Col(MG828)_1	1-262/262	========/======	5/6	98.47	85.98	plasmidfinder	NC_008486
/home/ryder/AMR_PROJECT/assemblies/11658_3_75.fa	ERZ3166033.80	343	473	ColRNAI_1	1-130/130	========/======	1/1	100.00	87.79	plasmidfinder	DQ298019
