#FILE	SEQUENCE	START	END	GENE	COVERAGE	COVERAGE_MAP	GAPS	%COVERAGE	%IDENTITY	DATABASE	ACCESSION
/home/ryder/AMR_PROJECT/assemblies/11657_5_14.fa	ERZ3164613.101	3690	3891	Col8282_1	4-205/207	===============	0/0	97.58	89.60	plasmidfinder	DQ995353
/home/ryder/AMR_PROJECT/assemblies/11657_5_14.fa	ERZ3164613.33	34698	34958	IncFII(pCoo)_1_pCoo	1-262/262	========/======	1/1	99.62	96.18	plasmidfinder	CR942285
/home/ryder/AMR_PROJECT/assemblies/11657_5_14.fa	ERZ3164613.36	3390	3648	IncFII(29)_1_pUTI89	1-259/259	===============	0/0	100.00	99.61	plasmidfinder	CP003035
/home/ryder/AMR_PROJECT/assemblies/11657_5_14.fa	ERZ3164613.64	14756	15437	IncFIB(AP001918)_1	1-682/682	===============	0/0	100.00	96.63	plasmidfinder	AP001918
/home/ryder/AMR_PROJECT/assemblies/11657_5_14.fa	ERZ3164613.75	6604	6745	Col156_1	13-154/154	.==============	0/0	92.21	98.59	plasmidfinder	NC_009781
/home/ryder/AMR_PROJECT/assemblies/11657_5_14.fa	ERZ3164613.99	141	590	IncQ1_1	1-450/450	===============	0/0	100.00	100.00	plasmidfinder	HE654726
