#FILE	SEQUENCE	START	END	GENE	COVERAGE	COVERAGE_MAP	GAPS	%COVERAGE	%IDENTITY	DATABASE	ACCESSION
/home/ryder/AMR_PROJECT/assemblies/11658_3_41.fa	ERZ3165573.100	3	264	Col(MG828)_1	1-262/262	===============	0/0	100.00	91.98	plasmidfinder	NC_008486
/home/ryder/AMR_PROJECT/assemblies/11658_3_41.fa	ERZ3165573.100	1552	1614	Col(MG828)_1	1-63/262	====...........	0/0	24.05	93.65	plasmidfinder	NC_008486
/home/ryder/AMR_PROJECT/assemblies/11658_3_41.fa	ERZ3165573.109	1032	1337	IncFIC(FII)_1	196-499/499	.....===/======	4/4	60.72	77.20	plasmidfinder	AP001918
/home/ryder/AMR_PROJECT/assemblies/11658_3_41.fa	ERZ3165573.140	312	573	IncFIC(FII)_1	1-261/499	========/......	1/1	52.30	95.42	plasmidfinder	AP001918
/home/ryder/AMR_PROJECT/assemblies/11658_3_41.fa	ERZ3165573.26	68125	68266	IncI1_1_Alpha	1-142/142	===============	0/0	100.00	100.00	plasmidfinder	AP005147
/home/ryder/AMR_PROJECT/assemblies/11658_3_41.fa	ERZ3165573.47	16776	17457	IncFIB(AP001918)_1	1-682/682	===============	0/0	100.00	97.65	plasmidfinder	AP001918
/home/ryder/AMR_PROJECT/assemblies/11658_3_41.fa	ERZ3165573.50	3433	3820	IncFIA_1	1-388/388	===============	0/0	100.00	99.74	plasmidfinder	AP001918
/home/ryder/AMR_PROJECT/assemblies/11658_3_41.fa	ERZ3165573.67	5009	5139	ColRNAI_1	1-130/130	========/======	1/1	100.00	88.55	plasmidfinder	DQ298019
/home/ryder/AMR_PROJECT/assemblies/11658_3_41.fa	ERZ3165573.71	3945	4064	ColRNAI_1	13-130/130	.=======/======	2/2	90.77	89.17	plasmidfinder	DQ298019
/home/ryder/AMR_PROJECT/assemblies/11658_3_41.fa	ERZ3165573.78	254	458	Col8282_1	1-205/207	===============	0/0	99.03	89.27	plasmidfinder	DQ995353
/home/ryder/AMR_PROJECT/assemblies/11658_3_41.fa	ERZ3165573.81	3551	3655	IncFIC(FII)_1	196-299/499	.....===/=.....	1/1	20.84	87.62	plasmidfinder	AP001918
/home/ryder/AMR_PROJECT/assemblies/11658_3_41.fa	ERZ3165573.98	1035	1408	IncX4_1	1-374/374	===============	0/0	100.00	99.47	plasmidfinder	CP002895
