#FILE	SEQUENCE	START	END	GENE	COVERAGE	COVERAGE_MAP	GAPS	%COVERAGE	%IDENTITY	DATABASE	ACCESSION
/home/ryder/AMR_PROJECT/assemblies/11657_5_60.fa	ERZ3165624.25	26167	27051	p0111_1	1-885/885	===============	0/0	100.00	98.64	plasmidfinder	AP010962
/home/ryder/AMR_PROJECT/assemblies/11657_5_60.fa	ERZ3165624.50	14388	14775	IncFIA_1	1-388/388	===============	0/0	100.00	99.74	plasmidfinder	AP001918
/home/ryder/AMR_PROJECT/assemblies/11657_5_60.fa	ERZ3165624.51	16776	17457	IncFIB(AP001918)_1	1-682/682	===============	0/0	100.00	98.39	plasmidfinder	AP001918
/home/ryder/AMR_PROJECT/assemblies/11657_5_60.fa	ERZ3165624.57	3392	3652	IncFII(pRSB107)_1_pRSB107	1-261/261	===============	0/0	100.00	100.00	plasmidfinder	AJ851089
/home/ryder/AMR_PROJECT/assemblies/11657_5_60.fa	ERZ3165624.72	4076	4229	Col156_1	1-154/154	===============	0/0	100.00	94.81	plasmidfinder	NC_009781
/home/ryder/AMR_PROJECT/assemblies/11657_5_60.fa	ERZ3165624.93	502	694	Col(BS512)_1__NC_010656_dupe	1-193/193	===============	0/0	100.00	99.48	plasmidfinder	
/home/ryder/AMR_PROJECT/assemblies/11657_5_60.fa	ERZ3165624.93	766	998	Col(BS512)_1	1-233/233	===============	0/0	100.00	100.00	plasmidfinder	NC_010656
/home/ryder/AMR_PROJECT/assemblies/11657_5_60.fa	ERZ3165624.98	567	828	Col(MG828)_1	1-262/262	===============	0/0	100.00	93.13	plasmidfinder	NC_008486
