#FILE	SEQUENCE	START	END	GENE	COVERAGE	COVERAGE_MAP	GAPS	%COVERAGE	%IDENTITY	DATABASE	ACCESSION
/home/ryder/AMR_PROJECT/assemblies/11658_3_6.fa	ERZ3164623.17	47681	47978	IncFIC(FII)_1	1-299/499	========/=.....	1/1	59.72	88.96	plasmidfinder	AP001918
/home/ryder/AMR_PROJECT/assemblies/11658_3_6.fa	ERZ3164623.44	2883	3564	IncFIB(AP001918)_1	1-682/682	===============	0/0	100.00	97.36	plasmidfinder	AP001918
/home/ryder/AMR_PROJECT/assemblies/11658_3_6.fa	ERZ3164623.58	1869	2020	Col156_1	1-152/154	===============	0/0	98.70	98.03	plasmidfinder	NC_009781
/home/ryder/AMR_PROJECT/assemblies/11658_3_6.fa	ERZ3164623.62	598	715	ColRNAI_1	1-118/130	==============.	0/0	90.77	88.98	plasmidfinder	DQ298019
/home/ryder/AMR_PROJECT/assemblies/11658_3_6.fa	ERZ3164623.73	903	1164	Col(MG828)_1	1-262/262	===============	0/0	100.00	94.28	plasmidfinder	NC_008486
