#FILE	SEQUENCE	START	END	GENE	COVERAGE	COVERAGE_MAP	GAPS	%COVERAGE	%IDENTITY	DATABASE	ACCESSION
/home/ryder/AMR_PROJECT/assemblies/11657_7_69.fa	ERZ3165788.26	43645	43903	IncFII(29)_1_pUTI89	1-259/259	===============	0/0	100.00	99.61	plasmidfinder	CP003035
/home/ryder/AMR_PROJECT/assemblies/11657_7_69.fa	ERZ3165788.29	6615	6774	IncB/O/K/Z_2	1-160/160	===============	0/0	100.00	100.00	plasmidfinder	GU256641
/home/ryder/AMR_PROJECT/assemblies/11657_7_69.fa	ERZ3165788.42	8426	9107	IncFIB(AP001918)_1	1-682/682	===============	0/0	100.00	96.63	plasmidfinder	AP001918
/home/ryder/AMR_PROJECT/assemblies/11657_7_69.fa	ERZ3165788.50	433	586	Col156_1	1-154/154	===============	0/0	100.00	99.35	plasmidfinder	NC_009781
/home/ryder/AMR_PROJECT/assemblies/11657_7_69.fa	ERZ3165788.54	1032	1151	ColRNAI_1	13-130/130	.=======/======	2/2	90.77	89.17	plasmidfinder	DQ298019
/home/ryder/AMR_PROJECT/assemblies/11657_7_69.fa	ERZ3165788.64	3661	3865	Col8282_1	1-205/207	===============	0/0	99.03	89.76	plasmidfinder	DQ995353
/home/ryder/AMR_PROJECT/assemblies/11657_7_69.fa	ERZ3165788.67	2831	2984	Col156_1	1-154/154	===============	0/0	100.00	96.75	plasmidfinder	NC_009781
/home/ryder/AMR_PROJECT/assemblies/11657_7_69.fa	ERZ3165788.68	2041	2169	ColRNAI_1	1-128/130	========/======	1/1	98.46	81.39	plasmidfinder	DQ298019
/home/ryder/AMR_PROJECT/assemblies/11657_7_69.fa	ERZ3165788.84	1066	1196	ColRNAI_1	1-130/130	========/======	1/1	100.00	88.55	plasmidfinder	DQ298019
/home/ryder/AMR_PROJECT/assemblies/11657_7_69.fa	ERZ3165788.87	1077	1338	Col(MG828)_1	1-262/262	===============	0/0	100.00	93.51	plasmidfinder	NC_008486
