#FILE	SEQUENCE	START	END	GENE	COVERAGE	COVERAGE_MAP	GAPS	%COVERAGE	%IDENTITY	DATABASE	ACCESSION
/home/ryder/AMR_PROJECT/assemblies/11657_6_60.fa	ERZ3165700.110	1801	1931	ColRNAI_1	1-130/130	========/======	1/1	100.00	85.50	plasmidfinder	DQ298019
/home/ryder/AMR_PROJECT/assemblies/11657_6_60.fa	ERZ3165700.114	1985	2077	IncFIC(FII)_1	207-299/499	......===......	0/0	18.64	87.10	plasmidfinder	AP001918
/home/ryder/AMR_PROJECT/assemblies/11657_6_60.fa	ERZ3165700.124	1	91	IncFIC(FII)_1	207-297/499	.....===/=.....	2/2	18.04	88.04	plasmidfinder	AP001918
/home/ryder/AMR_PROJECT/assemblies/11657_6_60.fa	ERZ3165700.125	13	274	IncFII(pRSB107)_1_pRSB107	1-261/261	========/======	1/1	100.00	96.18	plasmidfinder	AJ851089
/home/ryder/AMR_PROJECT/assemblies/11657_6_60.fa	ERZ3165700.67	9003	9684	IncFIB(AP001918)_1	1-682/682	===============	0/0	100.00	96.77	plasmidfinder	AP001918
/home/ryder/AMR_PROJECT/assemblies/11657_6_60.fa	ERZ3165700.69	1002	1108	ColRNAI_1	24-130/130	..======/======	2/2	81.54	83.33	plasmidfinder	DQ298019
/home/ryder/AMR_PROJECT/assemblies/11657_6_60.fa	ERZ3165700.89	142	591	IncQ1_1	1-450/450	===============	0/0	100.00	100.00	plasmidfinder	HE654726
