#FILE	SEQUENCE	START	END	GENE	COVERAGE	COVERAGE_MAP	GAPS	%COVERAGE	%IDENTITY	DATABASE	ACCESSION
/home/ryder/AMR_PROJECT/assemblies/11658_4_12.fa	ERZ3164461.108	254	458	Col8282_1	1-205/207	===============	0/0	99.03	89.27	plasmidfinder	DQ995353
/home/ryder/AMR_PROJECT/assemblies/11658_4_12.fa	ERZ3164461.129	18	177	IncB/O/K/Z_2	1-160/160	===============	0/0	100.00	100.00	plasmidfinder	GU256641
/home/ryder/AMR_PROJECT/assemblies/11658_4_12.fa	ERZ3164461.131	1156	1605	IncQ1_1	1-450/450	===============	0/0	100.00	100.00	plasmidfinder	HE654726
/home/ryder/AMR_PROJECT/assemblies/11658_4_12.fa	ERZ3164461.136	1429	1583	IncB/O/K/Z_2	1-154/160	========/======	1/1	96.25	96.13	plasmidfinder	GU256641
/home/ryder/AMR_PROJECT/assemblies/11658_4_12.fa	ERZ3164461.46	4591	4906	IncI2_1_Delta	1-316/316	===============	0/0	100.00	98.42	plasmidfinder	AP002527
/home/ryder/AMR_PROJECT/assemblies/11658_4_12.fa	ERZ3164461.71	4913	5594	IncFIB(AP001918)_1	1-682/682	===============	0/0	100.00	96.63	plasmidfinder	AP001918
/home/ryder/AMR_PROJECT/assemblies/11658_4_12.fa	ERZ3164461.73	6672	6813	Col156_1	13-154/154	.==============	0/0	92.21	98.59	plasmidfinder	NC_009781
/home/ryder/AMR_PROJECT/assemblies/11658_4_12.fa	ERZ3164461.78	3391	3649	IncFII(29)_1_pUTI89	1-259/259	===============	0/0	100.00	99.61	plasmidfinder	CP003035
/home/ryder/AMR_PROJECT/assemblies/11658_4_12.fa	ERZ3164461.97	71	224	Col156_1	1-154/154	===============	0/0	100.00	94.81	plasmidfinder	NC_009781
