#FILE	SEQUENCE	START	END	GENE	COVERAGE	COVERAGE_MAP	GAPS	%COVERAGE	%IDENTITY	DATABASE	ACCESSION
/home/ryder/AMR_PROJECT/assemblies/11658_4_43.fa	ERZ3165191.116	1	249	IncFII(pRSB107)_1_pRSB107	1-248/261	========/======	1/1	95.02	95.98	plasmidfinder	AJ851089
/home/ryder/AMR_PROJECT/assemblies/11658_4_43.fa	ERZ3165191.117	1	246	IncFII(29)_1_pUTI89	1-246/259	===============	0/0	94.98	99.59	plasmidfinder	CP003035
/home/ryder/AMR_PROJECT/assemblies/11658_4_43.fa	ERZ3165191.37	8442	9123	IncFIB(AP001918)_1	1-682/682	===============	0/0	100.00	96.63	plasmidfinder	AP001918
/home/ryder/AMR_PROJECT/assemblies/11658_4_43.fa	ERZ3165191.43	3555	3708	Col156_1	1-154/154	===============	0/0	100.00	98.70	plasmidfinder	NC_009781
/home/ryder/AMR_PROJECT/assemblies/11658_4_43.fa	ERZ3165191.46	8305	8422	IncFIC(FII)_1	182-299/499	.....====......	0/0	23.65	89.83	plasmidfinder	AP001918
/home/ryder/AMR_PROJECT/assemblies/11658_4_43.fa	ERZ3165191.52	2927	3057	ColRNAI_1	1-130/130	========/======	1/1	100.00	87.79	plasmidfinder	DQ298019
