#FILE	SEQUENCE	START	END	GENE	COVERAGE	COVERAGE_MAP	GAPS	%COVERAGE	%IDENTITY	DATABASE	ACCESSION
/home/ryder/AMR_PROJECT/assemblies/11657_5_58.fa	ERZ3165619.63	433	586	Col156_1	1-154/154	===============	0/0	100.00	97.40	plasmidfinder	NC_009781
/home/ryder/AMR_PROJECT/assemblies/11657_5_58.fa	ERZ3165619.66	401	554	Col156_1	1-154/154	===============	0/0	100.00	96.75	plasmidfinder	NC_009781
/home/ryder/AMR_PROJECT/assemblies/11657_5_58.fa	ERZ3165619.68	2332	2522	Col(MP18)_1	1-191/193	===============	0/0	98.96	99.48	plasmidfinder	NC_013652
/home/ryder/AMR_PROJECT/assemblies/11657_5_58.fa	ERZ3165619.79	286	547	Col(MG828)_1	1-262/262	===============	0/0	100.00	91.98	plasmidfinder	NC_008486
