#FILE	SEQUENCE	START	END	GENE	COVERAGE	COVERAGE_MAP	GAPS	%COVERAGE	%IDENTITY	DATABASE	ACCESSION
/home/ryder/AMR_PROJECT/assemblies/11657_5_30.fa	ERZ3164949.45	14387	14774	IncFIA_1	1-388/388	===============	0/0	100.00	99.74	plasmidfinder	AP001918
/home/ryder/AMR_PROJECT/assemblies/11657_5_30.fa	ERZ3164949.66	3558	3711	Col156_1	1-154/154	===============	0/0	100.00	98.70	plasmidfinder	NC_009781
/home/ryder/AMR_PROJECT/assemblies/11657_5_30.fa	ERZ3164949.71	4119	4378	IncFII(pCoo)_1_pCoo	1-262/262	========/======	2/4	98.85	95.06	plasmidfinder	CR942285
/home/ryder/AMR_PROJECT/assemblies/11657_5_30.fa	ERZ3164949.73	633	1314	IncFIB(AP001918)_1	1-682/682	===============	0/0	100.00	98.39	plasmidfinder	AP001918
/home/ryder/AMR_PROJECT/assemblies/11657_5_30.fa	ERZ3164949.79	2372	2632	IncFII(pRSB107)_1_pRSB107	1-261/261	===============	0/0	100.00	100.00	plasmidfinder	AJ851089
