#FILE	SEQUENCE	START	END	GENE	COVERAGE	COVERAGE_MAP	GAPS	%COVERAGE	%IDENTITY	DATABASE	ACCESSION
/home/ryder/AMR_PROJECT/assemblies/11658_4_15.fa	ERZ3164480.23	7606	7760	IncB/O/K/Z_2	1-154/160	========/======	3/3	95.62	94.87	plasmidfinder	GU256641
/home/ryder/AMR_PROJECT/assemblies/11658_4_15.fa	ERZ3164480.48	1519	1790	IncFIC(FII)_1	1-271/499	========/......	1/1	54.31	95.96	plasmidfinder	AP001918
/home/ryder/AMR_PROJECT/assemblies/11658_4_15.fa	ERZ3164480.52	7420	8101	IncFIB(AP001918)_1	1-682/682	===============	0/0	100.00	98.39	plasmidfinder	AP001918
/home/ryder/AMR_PROJECT/assemblies/11658_4_15.fa	ERZ3164480.71	3612	3816	Col8282_1	1-205/207	===============	0/0	99.03	89.27	plasmidfinder	DQ995353
/home/ryder/AMR_PROJECT/assemblies/11658_4_15.fa	ERZ3164480.72	2481	2611	ColRNAI_1	1-130/130	========/======	1/1	100.00	87.79	plasmidfinder	DQ298019
