#FILE	SEQUENCE	START	END	GENE	COVERAGE	COVERAGE_MAP	GAPS	%COVERAGE	%IDENTITY	DATABASE	ACCESSION
/home/ryder/AMR_PROJECT/assemblies/11658_3_70.fa	ERZ3165952.31	50630	50927	IncFIC(FII)_1	1-299/499	========/=.....	2/3	59.52	92.67	plasmidfinder	AP001918
/home/ryder/AMR_PROJECT/assemblies/11658_3_70.fa	ERZ3165952.85	2562	2766	Col8282_1	1-205/207	===============	0/0	99.03	89.27	plasmidfinder	DQ995353
/home/ryder/AMR_PROJECT/assemblies/11658_3_70.fa	ERZ3165952.92	846	976	ColRNAI_1	1-130/130	========/======	1/1	100.00	89.31	plasmidfinder	DQ298019
/home/ryder/AMR_PROJECT/assemblies/11658_3_70.fa	ERZ3165952.97	1165	1369	Col8282_1	1-205/207	===============	0/0	99.03	89.76	plasmidfinder	DQ995353
