#FILE	SEQUENCE	START	END	GENE	COVERAGE	COVERAGE_MAP	GAPS	%COVERAGE	%IDENTITY	DATABASE	ACCESSION
/home/ryder/AMR_PROJECT/assemblies/11657_6_72.fa	ERZ3165922.109	1	262	IncFIC(FII)_1	1-261/499	========/......	1/1	52.30	95.80	plasmidfinder	AP001918
/home/ryder/AMR_PROJECT/assemblies/11657_6_72.fa	ERZ3165922.44	1936	2617	IncFIB(AP001918)_1	1-682/682	===============	0/0	100.00	97.65	plasmidfinder	AP001918
/home/ryder/AMR_PROJECT/assemblies/11657_6_72.fa	ERZ3165922.45	13466	13853	IncFIA_1	1-388/388	===============	0/0	100.00	99.74	plasmidfinder	AP001918
/home/ryder/AMR_PROJECT/assemblies/11657_6_72.fa	ERZ3165922.72	356	557	Col8282_1	4-205/207	===============	0/0	97.58	89.60	plasmidfinder	DQ995353
/home/ryder/AMR_PROJECT/assemblies/11657_6_72.fa	ERZ3165922.73	3548	3652	IncFIC(FII)_1	196-299/499	.....===/=.....	1/1	20.84	87.62	plasmidfinder	AP001918
/home/ryder/AMR_PROJECT/assemblies/11657_6_72.fa	ERZ3165922.81	1073	1334	Col(MG828)_1	1-262/262	===============	0/0	100.00	91.22	plasmidfinder	NC_008486
/home/ryder/AMR_PROJECT/assemblies/11657_6_72.fa	ERZ3165922.89	1032	1337	IncFIC(FII)_1	196-499/499	.....===/======	4/4	60.72	77.20	plasmidfinder	AP001918
