#FILE	SEQUENCE	START	END	GENE	COVERAGE	COVERAGE_MAP	GAPS	%COVERAGE	%IDENTITY	DATABASE	ACCESSION
/home/ryder/AMR_PROJECT/assemblies/11658_4_32.fa	ERZ3164963.15	5435	5883	IncQ1_1	1-449/450	========/======	2/2	99.56	78.00	plasmidfinder	HE654726
/home/ryder/AMR_PROJECT/assemblies/11658_4_32.fa	ERZ3164963.22	8554	9235	IncFIB(AP001918)_1	1-682/682	===============	0/0	100.00	96.63	plasmidfinder	AP001918
/home/ryder/AMR_PROJECT/assemblies/11658_4_32.fa	ERZ3164963.22	72704	72962	IncFII(29)_1_pUTI89	1-259/259	===============	0/0	100.00	99.61	plasmidfinder	CP003035
/home/ryder/AMR_PROJECT/assemblies/11658_4_32.fa	ERZ3164963.48	23523	23896	IncX1_1	1-374/374	===============	0/0	100.00	98.40	plasmidfinder	EU370913
/home/ryder/AMR_PROJECT/assemblies/11658_4_32.fa	ERZ3164963.60	3638	3791	Col156_1	1-154/154	===============	0/0	100.00	98.70	plasmidfinder	NC_009781
/home/ryder/AMR_PROJECT/assemblies/11658_4_32.fa	ERZ3164963.70	100	219	ColRNAI_1	13-130/130	.=======/======	2/2	90.77	89.17	plasmidfinder	DQ298019
