#FILE	SEQUENCE	START	END	GENE	COVERAGE	COVERAGE_MAP	GAPS	%COVERAGE	%IDENTITY	DATABASE	ACCESSION
/home/ryder/AMR_PROJECT/assemblies/11658_4_68.fa	ERZ3165744.117	1	160	Col(MG828)_1	1-160/262	==========.....	0/0	61.07	93.75	plasmidfinder	NC_008486
/home/ryder/AMR_PROJECT/assemblies/11658_4_68.fa	ERZ3165744.117	1358	1521	Col(MG828)_1	99-262/262	.....==========	0/0	62.60	93.29	plasmidfinder	NC_008486
/home/ryder/AMR_PROJECT/assemblies/11658_4_68.fa	ERZ3165744.35	15971	16735	IncY_1	1-765/765	===============	0/0	100.00	99.87	plasmidfinder	K02380
/home/ryder/AMR_PROJECT/assemblies/11658_4_68.fa	ERZ3165744.61	1717	2312	TrfA_1	1-596/596	===============	0/0	100.00	100.00	plasmidfinder	CP11611
