#FILE	SEQUENCE	START	END	GENE	COVERAGE	COVERAGE_MAP	GAPS	%COVERAGE	%IDENTITY	DATABASE	ACCESSION
/home/ryder/AMR_PROJECT/assemblies/11657_5_72.fa	ERZ3165808.122	1556	1815	Col(MG828)_1	1-260/262	===============	0/0	99.24	96.92	plasmidfinder	NC_008486
/home/ryder/AMR_PROJECT/assemblies/11657_5_72.fa	ERZ3165808.256	65	154	IncQ1_1	361-450/450	............===	0/0	20.00	98.89	plasmidfinder	HE654726
/home/ryder/AMR_PROJECT/assemblies/11657_5_72.fa	ERZ3165808.49	1936	2617	IncFIB(AP001918)_1	1-682/682	===============	0/0	100.00	97.65	plasmidfinder	AP001918
/home/ryder/AMR_PROJECT/assemblies/11657_5_72.fa	ERZ3165808.52	13447	13834	IncFIA_1	1-388/388	===============	0/0	100.00	99.74	plasmidfinder	AP001918
/home/ryder/AMR_PROJECT/assemblies/11657_5_72.fa	ERZ3165808.83	4766	5026	IncFII(pRSB107)_1_pRSB107	1-261/261	===============	0/0	100.00	100.00	plasmidfinder	AJ851089
/home/ryder/AMR_PROJECT/assemblies/11657_5_72.fa	ERZ3165808.88	3922	4295	IncQ1_1	1-374/450	=============..	0/0	83.11	99.73	plasmidfinder	HE654726
