#FILE	SEQUENCE	START	END	GENE	COVERAGE	COVERAGE_MAP	GAPS	%COVERAGE	%IDENTITY	DATABASE	ACCESSION
/home/ryder/AMR_PROJECT/assemblies/11657_5_79.fa	ERZ3165969.121	67	351	IncQ1_1	166-450/450	.....==========	0/0	63.33	100.00	plasmidfinder	HE654726
/home/ryder/AMR_PROJECT/assemblies/11657_5_79.fa	ERZ3165969.38	1830	2101	IncFIC(FII)_1	1-271/499	========/......	1/1	54.31	95.96	plasmidfinder	AP001918
/home/ryder/AMR_PROJECT/assemblies/11657_5_79.fa	ERZ3165969.56	7420	8101	IncFIB(AP001918)_1	1-682/682	===============	0/0	100.00	98.39	plasmidfinder	AP001918
/home/ryder/AMR_PROJECT/assemblies/11657_5_79.fa	ERZ3165969.65	5402	5521	ColRNAI_1	13-130/130	.=======/======	2/2	90.77	89.17	plasmidfinder	DQ298019
/home/ryder/AMR_PROJECT/assemblies/11657_5_79.fa	ERZ3165969.68	4076	4229	Col156_1	1-154/154	===============	0/0	100.00	94.81	plasmidfinder	NC_009781
/home/ryder/AMR_PROJECT/assemblies/11657_5_79.fa	ERZ3165969.74	3930	4053	IncQ1_1	1-124/450	=====..........	0/0	27.56	100.00	plasmidfinder	HE654726
