#FILE	SEQUENCE	START	END	GENE	COVERAGE	COVERAGE_MAP	GAPS	%COVERAGE	%IDENTITY	DATABASE	ACCESSION
/home/ryder/AMR_PROJECT/assemblies/11658_4_75.fa	ERZ3165889.109	3	264	Col(MG828)_1	1-262/262	===============	0/0	100.00	91.98	plasmidfinder	NC_008486
/home/ryder/AMR_PROJECT/assemblies/11658_4_75.fa	ERZ3165889.109	1552	1614	Col(MG828)_1	1-63/262	====...........	0/0	24.05	93.65	plasmidfinder	NC_008486
/home/ryder/AMR_PROJECT/assemblies/11658_4_75.fa	ERZ3165889.21	31139	31698	IncFIB(pKPHS1)_1_pKPHS1	1-560/560	========/======	4/8	99.29	76.06	plasmidfinder	CP003223
/home/ryder/AMR_PROJECT/assemblies/11658_4_75.fa	ERZ3165889.27	47036	47187	IncB/O/K/Z_1	1-151/151	========/======	1/1	100.00	98.03	plasmidfinder	CU928147
/home/ryder/AMR_PROJECT/assemblies/11658_4_75.fa	ERZ3165889.49	6820	6973	Col156_1	1-154/154	===============	0/0	100.00	98.70	plasmidfinder	NC_009781
/home/ryder/AMR_PROJECT/assemblies/11658_4_75.fa	ERZ3165889.51	10447	10705	IncFII(29)_1_pUTI89	1-259/259	===============	0/0	100.00	99.61	plasmidfinder	CP003035
/home/ryder/AMR_PROJECT/assemblies/11658_4_75.fa	ERZ3165889.61	100	219	ColRNAI_1	13-130/130	.=======/======	2/2	90.77	87.50	plasmidfinder	DQ298019
/home/ryder/AMR_PROJECT/assemblies/11658_4_75.fa	ERZ3165889.62	1024	1705	IncFIB(AP001918)_1	1-682/682	===============	0/0	100.00	96.63	plasmidfinder	AP001918
/home/ryder/AMR_PROJECT/assemblies/11658_4_75.fa	ERZ3165889.69	3887	4017	ColRNAI_1	1-130/130	========/======	1/1	100.00	88.55	plasmidfinder	DQ298019
