#FILE	SEQUENCE	START	END	GENE	COVERAGE	COVERAGE_MAP	GAPS	%COVERAGE	%IDENTITY	DATABASE	ACCESSION
/home/ryder/AMR_PROJECT/assemblies/11657_7_36.fa	ERZ3165126.103	971	1090	ColRNAI_1	13-130/130	.=======/======	2/2	90.77	89.17	plasmidfinder	DQ298019
/home/ryder/AMR_PROJECT/assemblies/11657_7_36.fa	ERZ3165126.114	2874	2991	ColRNAI_1	1-118/130	==============.	0/0	90.77	86.44	plasmidfinder	DQ298019
/home/ryder/AMR_PROJECT/assemblies/11657_7_36.fa	ERZ3165126.142	215	476	Col(MG828)_1	1-262/262	===============	0/0	100.00	91.98	plasmidfinder	NC_008486
/home/ryder/AMR_PROJECT/assemblies/11657_7_36.fa	ERZ3165126.62	15881	16139	IncFII(29)_1_pUTI89	1-259/259	===============	0/0	100.00	100.00	plasmidfinder	CP003035
/home/ryder/AMR_PROJECT/assemblies/11657_7_36.fa	ERZ3165126.77	8538	9219	IncFIB(AP001918)_1	1-682/682	===============	0/0	100.00	96.63	plasmidfinder	AP001918
/home/ryder/AMR_PROJECT/assemblies/11657_7_36.fa	ERZ3165126.86	4175	4305	ColRNAI_1	1-130/130	========/======	1/1	100.00	87.02	plasmidfinder	DQ298019
/home/ryder/AMR_PROJECT/assemblies/11657_7_36.fa	ERZ3165126.95	925	1078	Col156_1	1-154/154	===============	0/0	100.00	94.81	plasmidfinder	NC_009781
