#FILE	SEQUENCE	START	END	GENE	COVERAGE	COVERAGE_MAP	GAPS	%COVERAGE	%IDENTITY	DATABASE	ACCESSION
/home/ryder/AMR_PROJECT/assemblies/11658_3_12.fa	ERZ3164668.103	1077	1338	Col(MG828)_1	1-262/262	===============	0/0	100.00	93.51	plasmidfinder	NC_008486
/home/ryder/AMR_PROJECT/assemblies/11658_3_12.fa	ERZ3164668.109	979	1238	Col(MG828)_1	1-260/262	===============	0/0	99.24	95.00	plasmidfinder	NC_008486
/home/ryder/AMR_PROJECT/assemblies/11658_3_12.fa	ERZ3164668.166	175	292	ColRNAI_1	1-118/130	==============.	0/0	90.77	89.83	plasmidfinder	DQ298019
/home/ryder/AMR_PROJECT/assemblies/11658_3_12.fa	ERZ3164668.41	4451	4947	IncFIC(FII)_1	1-499/499	========/======	1/2	99.60	95.59	plasmidfinder	AP001918
/home/ryder/AMR_PROJECT/assemblies/11658_3_12.fa	ERZ3164668.65	7475	8156	IncFIB(AP001918)_1	1-682/682	===============	0/0	100.00	98.39	plasmidfinder	AP001918
