#FILE	SEQUENCE	START	END	GENE	COVERAGE	COVERAGE_MAP	GAPS	%COVERAGE	%IDENTITY	DATABASE	ACCESSION
/home/ryder/AMR_PROJECT/assemblies/11658_4_4.fa	ERZ3164334.119	209	319	ColRNAI_1	19-128/130	..======/======	1/1	84.62	89.19	plasmidfinder	DQ298019
/home/ryder/AMR_PROJECT/assemblies/11658_4_4.fa	ERZ3164334.144	206	336	ColRNAI_1	1-130/130	========/======	1/1	100.00	85.50	plasmidfinder	DQ298019
/home/ryder/AMR_PROJECT/assemblies/11658_4_4.fa	ERZ3164334.63	622	1041	IncHI1A_1	1-420/420	===============	0/0	100.00	99.76	plasmidfinder	AF250878
/home/ryder/AMR_PROJECT/assemblies/11658_4_4.fa	ERZ3164334.63	14110	14649	IncHI1B(R27)_1_R27	1-540/540	===============	0/0	100.00	100.00	plasmidfinder	AF250878
