#FILE	SEQUENCE	START	END	GENE	COVERAGE	COVERAGE_MAP	GAPS	%COVERAGE	%IDENTITY	DATABASE	ACCESSION
/home/ryder/AMR_PROJECT/assemblies/11657_7_34.fa	ERZ3165028.103	1149	1279	ColRNAI_1	1-130/130	========/======	1/1	100.00	87.79	plasmidfinder	DQ298019
/home/ryder/AMR_PROJECT/assemblies/11657_7_34.fa	ERZ3165028.108	1430	1558	ColRNAI_1	1-128/130	========/======	1/1	98.46	82.17	plasmidfinder	DQ298019
/home/ryder/AMR_PROJECT/assemblies/11657_7_34.fa	ERZ3165028.127	1567	1799	Col(BS512)_1	1-233/233	===============	0/0	100.00	100.00	plasmidfinder	NC_010656
/home/ryder/AMR_PROJECT/assemblies/11657_7_34.fa	ERZ3165028.127	1871	2063	Col(BS512)_1__NC_010656_dupe	1-193/193	===============	0/0	100.00	100.00	plasmidfinder	
/home/ryder/AMR_PROJECT/assemblies/11657_7_34.fa	ERZ3165028.134	842	1034	ColpVC_1	1-193/193	===============	0/0	100.00	97.41	plasmidfinder	JX133088
/home/ryder/AMR_PROJECT/assemblies/11657_7_34.fa	ERZ3165028.144	842	1103	Col(MG828)_1	1-262/262	===============	0/0	100.00	93.51	plasmidfinder	NC_008486
/home/ryder/AMR_PROJECT/assemblies/11657_7_34.fa	ERZ3165028.187	113	266	Col156_1	1-154/154	===============	0/0	100.00	94.81	plasmidfinder	NC_009781
/home/ryder/AMR_PROJECT/assemblies/11657_7_34.fa	ERZ3165028.68	16991	17490	IncFIC(FII)_1	1-499/499	========/======	3/3	99.80	94.01	plasmidfinder	AP001918
/home/ryder/AMR_PROJECT/assemblies/11657_7_34.fa	ERZ3165028.89	7230	7603	IncX1_1	1-374/374	===============	0/0	100.00	94.39	plasmidfinder	EU370913
/home/ryder/AMR_PROJECT/assemblies/11657_7_34.fa	ERZ3165028.95	1209	1328	ColRNAI_1	13-130/130	.=======/======	2/2	90.77	89.17	plasmidfinder	DQ298019
