#FILE	SEQUENCE	START	END	GENE	COVERAGE	COVERAGE_MAP	GAPS	%COVERAGE	%IDENTITY	DATABASE	ACCESSION
/home/ryder/AMR_PROJECT/assemblies/11657_5_52.fa	ERZ3165490.109	259	460	Col8282_1	4-205/207	===============	0/0	97.58	89.60	plasmidfinder	DQ995353
/home/ryder/AMR_PROJECT/assemblies/11657_5_52.fa	ERZ3165490.112	3549	3660	IncFIC(FII)_1	188-299/499	.....====......	0/0	22.44	89.29	plasmidfinder	AP001918
/home/ryder/AMR_PROJECT/assemblies/11657_5_52.fa	ERZ3165490.139	1032	1345	IncFIC(FII)_1	188-499/499	.....===/======	4/4	62.32	77.78	plasmidfinder	AP001918
/home/ryder/AMR_PROJECT/assemblies/11657_5_52.fa	ERZ3165490.15	25323	26087	IncY_1	1-765/765	===============	0/0	100.00	99.87	plasmidfinder	K02380
/home/ryder/AMR_PROJECT/assemblies/11657_5_52.fa	ERZ3165490.167	312	565	IncFIC(FII)_1	1-254/499	========.......	0/0	50.90	95.28	plasmidfinder	AP001918
/home/ryder/AMR_PROJECT/assemblies/11657_5_52.fa	ERZ3165490.56	18212	18595	IncFIA_1	5-388/388	===============	0/0	98.97	99.74	plasmidfinder	AP001918
/home/ryder/AMR_PROJECT/assemblies/11657_5_52.fa	ERZ3165490.87	1900	2581	IncFIB(AP001918)_1	1-682/682	===============	0/0	100.00	98.39	plasmidfinder	AP001918
