#FILE	SEQUENCE	START	END	GENE	COVERAGE	COVERAGE_MAP	GAPS	%COVERAGE	%IDENTITY	DATABASE	ACCESSION
/home/ryder/AMR_PROJECT/assemblies/11658_3_59.fa	ERZ3165791.131	1168	1429	Col(MG828)_1	1-262/262	===============	0/0	100.00	91.98	plasmidfinder	NC_008486
/home/ryder/AMR_PROJECT/assemblies/11658_3_59.fa	ERZ3165791.190	49	306	Col(MG828)_1	1-258/262	===============	0/0	98.47	92.64	plasmidfinder	NC_008486
/home/ryder/AMR_PROJECT/assemblies/11658_3_59.fa	ERZ3165791.25	33789	34452	IncL/M_1	1-664/664	========/======	2/2	99.85	95.19	plasmidfinder	AF550415
/home/ryder/AMR_PROJECT/assemblies/11658_3_59.fa	ERZ3165791.69	3917	4413	IncFIC(FII)_1	1-499/499	========/======	1/2	99.60	95.59	plasmidfinder	AP001918
/home/ryder/AMR_PROJECT/assemblies/11658_3_59.fa	ERZ3165791.95	7177	7858	IncFIB(AP001918)_1	1-682/682	===============	0/0	100.00	98.39	plasmidfinder	AP001918
