#FILE	SEQUENCE	START	END	GENE	COVERAGE	COVERAGE_MAP	GAPS	%COVERAGE	%IDENTITY	DATABASE	ACCESSION
/home/ryder/AMR_PROJECT/assemblies/11657_5_43.fa	ERZ3165195.112	104	223	ColRNAI_1	13-130/130	.=======/======	2/2	90.77	89.17	plasmidfinder	DQ298019
/home/ryder/AMR_PROJECT/assemblies/11657_5_43.fa	ERZ3165195.153	214	475	Col(MG828)_1	1-262/262	===============	0/0	100.00	93.89	plasmidfinder	NC_008486
/home/ryder/AMR_PROJECT/assemblies/11657_5_43.fa	ERZ3165195.35	43276	43431	IncB/O/K/Z_2	1-154/160	========/======	2/2	96.25	96.15	plasmidfinder	GU256641
/home/ryder/AMR_PROJECT/assemblies/11657_5_43.fa	ERZ3165195.68	10447	10705	IncFII(29)_1_pUTI89	1-259/259	===============	0/0	100.00	99.61	plasmidfinder	CP003035
/home/ryder/AMR_PROJECT/assemblies/11657_5_43.fa	ERZ3165195.70	19620	20192	IncFII(pCRY)_1_pCRY	19-591/593	===============	0/0	96.63	79.23	plasmidfinder	NC_005814
/home/ryder/AMR_PROJECT/assemblies/11657_5_43.fa	ERZ3165195.70	20663	20812	Col(MG828)_1	109-255/262	.....===/======	3/3	56.11	77.33	plasmidfinder	NC_008486
/home/ryder/AMR_PROJECT/assemblies/11657_5_43.fa	ERZ3165195.84	8426	9107	IncFIB(AP001918)_1	1-682/682	===============	0/0	100.00	96.63	plasmidfinder	AP001918
/home/ryder/AMR_PROJECT/assemblies/11657_5_43.fa	ERZ3165195.89	9539	9692	Col156_1	1-154/154	===============	0/0	100.00	94.81	plasmidfinder	NC_009781
