#FILE	SEQUENCE	START	END	GENE	COVERAGE	COVERAGE_MAP	GAPS	%COVERAGE	%IDENTITY	DATABASE	ACCESSION
/home/ryder/AMR_PROJECT/assemblies/11657_6_63.fa	ERZ3165722.100	364	615	Col(MG828)_1	1-252/262	===============	0/0	96.18	93.25	plasmidfinder	NC_008486
/home/ryder/AMR_PROJECT/assemblies/11657_6_63.fa	ERZ3165722.50	4251	4638	IncFIA_1	1-388/388	===============	0/0	100.00	99.74	plasmidfinder	AP001918
/home/ryder/AMR_PROJECT/assemblies/11657_6_63.fa	ERZ3165722.54	12942	13202	IncFII_1	1-261/261	===============	0/0	100.00	100.00	plasmidfinder	AY458016
/home/ryder/AMR_PROJECT/assemblies/11657_6_63.fa	ERZ3165722.69	308	821	IncN_1	1-514/514	===============	0/0	100.00	99.22	plasmidfinder	AY046276
/home/ryder/AMR_PROJECT/assemblies/11657_6_63.fa	ERZ3165722.79	1544	1695	Col156_1	1-152/154	===============	0/0	98.70	98.03	plasmidfinder	NC_009781
