#FILE	SEQUENCE	START	END	GENE	COVERAGE	COVERAGE_MAP	GAPS	%COVERAGE	%IDENTITY	DATABASE	ACCESSION
/home/ryder/AMR_PROJECT/assemblies/11658_3_85.fa	ERZ3166142.28	13885	14143	IncFII(29)_1_pUTI89	1-259/259	===============	0/0	100.00	99.61	plasmidfinder	CP003035
/home/ryder/AMR_PROJECT/assemblies/11658_3_85.fa	ERZ3166142.39	21875	22132	IncX1_4	120-377/377	....===========	0/0	68.44	98.84	plasmidfinder	JN935898
/home/ryder/AMR_PROJECT/assemblies/11658_3_85.fa	ERZ3166142.39	27083	27210	IncX1_4	1-128/377	======.........	0/0	33.95	99.22	plasmidfinder	JN935898
/home/ryder/AMR_PROJECT/assemblies/11658_3_85.fa	ERZ3166142.49	10097	10778	IncFIB(AP001918)_1	1-682/682	===============	0/0	100.00	96.63	plasmidfinder	AP001918
/home/ryder/AMR_PROJECT/assemblies/11658_3_85.fa	ERZ3166142.54	6820	6973	Col156_1	1-154/154	===============	0/0	100.00	98.70	plasmidfinder	NC_009781
/home/ryder/AMR_PROJECT/assemblies/11658_3_85.fa	ERZ3166142.54	11965	12108	Col156_1	11-154/154	.==============	0/0	93.51	100.00	plasmidfinder	NC_009781
/home/ryder/AMR_PROJECT/assemblies/11658_3_85.fa	ERZ3166142.89	1346	1476	ColRNAI_1	1-130/130	========/======	1/1	100.00	88.55	plasmidfinder	DQ298019
