#FILE	SEQUENCE	START	END	GENE	COVERAGE	COVERAGE_MAP	GAPS	%COVERAGE	%IDENTITY	DATABASE	ACCESSION
/home/ryder/AMR_PROJECT/assemblies/11658_3_32.fa	ERZ3165349.49	13886	14144	IncFII(29)_1_pUTI89	1-259/259	===============	0/0	100.00	99.61	plasmidfinder	CP003035
/home/ryder/AMR_PROJECT/assemblies/11658_3_32.fa	ERZ3165349.54	4913	5594	IncFIB(AP001918)_1	1-682/682	===============	0/0	100.00	96.63	plasmidfinder	AP001918
/home/ryder/AMR_PROJECT/assemblies/11658_3_32.fa	ERZ3165349.56	4016	4514	IncFIC(FII)_1	1-499/499	========/======	5/6	99.40	84.46	plasmidfinder	AP001918
/home/ryder/AMR_PROJECT/assemblies/11658_3_32.fa	ERZ3165349.59	2306	2459	Col156_1	1-154/154	===============	0/0	100.00	98.70	plasmidfinder	NC_009781
