#FILE	SEQUENCE	START	END	GENE	COVERAGE	COVERAGE_MAP	GAPS	%COVERAGE	%IDENTITY	DATABASE	ACCESSION
/home/ryder/AMR_PROJECT/assemblies/11658_3_27.fa	ERZ3165063.37	21022	21348	IncHI2_1	1-327/327	===============	0/0	100.00	100.00	plasmidfinder	BX664015
/home/ryder/AMR_PROJECT/assemblies/11658_3_27.fa	ERZ3165063.37	21966	22560	TrfA_1	2-596/596	========/======	2/2	99.66	80.37	plasmidfinder	CP11611
/home/ryder/AMR_PROJECT/assemblies/11658_3_27.fa	ERZ3165063.41	21750	22379	IncHI2A_1	1-630/630	===============	0/0	100.00	100.00	plasmidfinder	BX664015
/home/ryder/AMR_PROJECT/assemblies/11658_3_27.fa	ERZ3165063.68	377	528	Col156_1	1-152/154	===============	0/0	98.70	96.71	plasmidfinder	NC_009781
/home/ryder/AMR_PROJECT/assemblies/11658_3_27.fa	ERZ3165063.75	501	631	ColRNAI_1	1-130/130	========/======	1/1	100.00	86.26	plasmidfinder	DQ298019
/home/ryder/AMR_PROJECT/assemblies/11658_3_27.fa	ERZ3165063.76	4204	4333	ColRNAI_1	1-128/130	========/======	2/2	98.46	81.54	plasmidfinder	DQ298019
/home/ryder/AMR_PROJECT/assemblies/11658_3_27.fa	ERZ3165063.89	2754	2884	ColRNAI_1	1-130/130	========/======	1/1	100.00	87.02	plasmidfinder	DQ298019
/home/ryder/AMR_PROJECT/assemblies/11658_3_27.fa	ERZ3165063.97	1876	2006	ColRNAI_1	1-130/130	========/======	1/1	100.00	84.73	plasmidfinder	DQ298019
