#FILE	SEQUENCE	START	END	GENE	COVERAGE	COVERAGE_MAP	GAPS	%COVERAGE	%IDENTITY	DATABASE	ACCESSION
/home/ryder/AMR_PROJECT/assemblies/11657_6_82.fa	ERZ3166061.44	14392	14754	IncFIA_1	26-388/388	.==============	0/0	93.56	99.72	plasmidfinder	AP001918
/home/ryder/AMR_PROJECT/assemblies/11657_6_82.fa	ERZ3166061.46	2627	2888	IncFII(pRSB107)_1_pRSB107	1-261/261	========/======	1/1	100.00	96.18	plasmidfinder	AJ851089
/home/ryder/AMR_PROJECT/assemblies/11657_6_82.fa	ERZ3166061.49	8850	9531	IncFIB(AP001918)_1	1-682/682	===============	0/0	100.00	98.39	plasmidfinder	AP001918
/home/ryder/AMR_PROJECT/assemblies/11657_6_82.fa	ERZ3166061.50	8929	9428	IncFIC(FII)_1	1-499/499	========/======	3/3	99.80	93.61	plasmidfinder	AP001918
