#FILE	SEQUENCE	START	END	GENE	COVERAGE	COVERAGE_MAP	GAPS	%COVERAGE	%IDENTITY	DATABASE	ACCESSION
/home/ryder/AMR_PROJECT/assemblies/11657_5_51.fa	ERZ3165484.112	2029	2219	Col(MP18)_1	1-191/193	===============	0/0	98.96	99.48	plasmidfinder	NC_013652
/home/ryder/AMR_PROJECT/assemblies/11657_5_51.fa	ERZ3165484.278	96	251	IncB/O/K/Z_2	1-154/160	========/======	2/2	96.25	94.87	plasmidfinder	GU256641
/home/ryder/AMR_PROJECT/assemblies/11657_5_51.fa	ERZ3165484.281	106	256	IncB/O/K/Z_1	1-151/151	===============	0/0	100.00	100.00	plasmidfinder	CU928147
/home/ryder/AMR_PROJECT/assemblies/11657_5_51.fa	ERZ3165484.74	2217	2590	IncX4_1	1-374/374	===============	0/0	100.00	99.73	plasmidfinder	CP002895
/home/ryder/AMR_PROJECT/assemblies/11657_5_51.fa	ERZ3165484.81	1148	1278	ColRNAI_1	1-130/130	========/======	1/1	100.00	86.26	plasmidfinder	DQ298019
/home/ryder/AMR_PROJECT/assemblies/11657_5_51.fa	ERZ3165484.85	2591	2721	ColRNAI_1	1-130/130	========/======	1/1	100.00	87.79	plasmidfinder	DQ298019
/home/ryder/AMR_PROJECT/assemblies/11657_5_51.fa	ERZ3165484.92	269	469	Col8282_1	3-204/207	========/======	1/1	97.10	76.73	plasmidfinder	DQ995353
/home/ryder/AMR_PROJECT/assemblies/11657_5_51.fa	ERZ3165484.99	3659	3810	Col156_1	1-152/154	===============	0/0	98.70	98.03	plasmidfinder	NC_009781
