#FILE	SEQUENCE	START	END	GENE	COVERAGE	COVERAGE_MAP	GAPS	%COVERAGE	%IDENTITY	DATABASE	ACCESSION
/home/ryder/AMR_PROJECT/assemblies/11657_7_60.fa	ERZ3165662.26	13885	14143	IncFII(29)_1_pUTI89	1-259/259	===============	0/0	100.00	99.61	plasmidfinder	CP003035
/home/ryder/AMR_PROJECT/assemblies/11657_7_60.fa	ERZ3165662.53	4913	5594	IncFIB(AP001918)_1	1-682/682	===============	0/0	100.00	96.63	plasmidfinder	AP001918
/home/ryder/AMR_PROJECT/assemblies/11657_7_60.fa	ERZ3165662.62	6820	6973	Col156_1	1-154/154	===============	0/0	100.00	98.70	plasmidfinder	NC_009781
/home/ryder/AMR_PROJECT/assemblies/11657_7_60.fa	ERZ3165662.74	3594	3713	ColRNAI_1	13-130/130	.=======/======	2/2	90.77	89.17	plasmidfinder	DQ298019
