#FILE	SEQUENCE	START	END	GENE	COVERAGE	COVERAGE_MAP	GAPS	%COVERAGE	%IDENTITY	DATABASE	ACCESSION
/home/ryder/AMR_PROJECT/assemblies/11657_7_52.fa	ERZ3165577.151	52	313	Col(MG828)_1	1-262/262	===============	0/0	100.00	93.51	plasmidfinder	NC_008486
/home/ryder/AMR_PROJECT/assemblies/11657_7_52.fa	ERZ3165577.26	67788	68552	IncY_1	1-765/765	===============	0/0	100.00	99.74	plasmidfinder	K02380
/home/ryder/AMR_PROJECT/assemblies/11657_7_52.fa	ERZ3165577.51	12942	13202	IncFII_1	1-261/261	===============	0/0	100.00	100.00	plasmidfinder	AY458016
/home/ryder/AMR_PROJECT/assemblies/11657_7_52.fa	ERZ3165577.55	7806	7936	ColRNAI_1	1-130/130	========/======	1/1	100.00	90.08	plasmidfinder	DQ298019
/home/ryder/AMR_PROJECT/assemblies/11657_7_52.fa	ERZ3165577.55	11693	11823	ColRNAI_1	1-130/130	========/======	1/1	100.00	90.08	plasmidfinder	DQ298019
/home/ryder/AMR_PROJECT/assemblies/11657_7_52.fa	ERZ3165577.63	3433	3820	IncFIA_1	1-388/388	===============	0/0	100.00	99.74	plasmidfinder	AP001918
/home/ryder/AMR_PROJECT/assemblies/11657_7_52.fa	ERZ3165577.72	502	655	Col156_1	1-154/154	===============	0/0	100.00	94.81	plasmidfinder	NC_009781
/home/ryder/AMR_PROJECT/assemblies/11657_7_52.fa	ERZ3165577.75	3690	3891	Col8282_1	4-205/207	===============	0/0	97.58	89.60	plasmidfinder	DQ995353
/home/ryder/AMR_PROJECT/assemblies/11657_7_52.fa	ERZ3165577.94	496	728	Col(BS512)_1	1-233/233	===============	0/0	100.00	100.00	plasmidfinder	NC_010656
/home/ryder/AMR_PROJECT/assemblies/11657_7_52.fa	ERZ3165577.94	800	992	Col(BS512)_1__NC_010656_dupe	1-193/193	===============	0/0	100.00	100.00	plasmidfinder	
/home/ryder/AMR_PROJECT/assemblies/11657_7_52.fa	ERZ3165577.98	1339	1531	ColpVC_1	1-193/193	===============	0/0	100.00	97.41	plasmidfinder	JX133088
/home/ryder/AMR_PROJECT/assemblies/11657_7_52.fa	ERZ3165577.99	215	476	Col(MG828)_1	1-262/262	===============	0/0	100.00	91.98	plasmidfinder	NC_008486
