#FILE	SEQUENCE	START	END	GENE	COVERAGE	COVERAGE_MAP	GAPS	%COVERAGE	%IDENTITY	DATABASE	ACCESSION
/home/ryder/AMR_PROJECT/assemblies/11657_7_28.fa	ERZ3164910.110	135	288	Col156_1	1-154/154	===============	0/0	100.00	94.16	plasmidfinder	NC_009781
/home/ryder/AMR_PROJECT/assemblies/11657_7_28.fa	ERZ3164910.113	625	778	Col156_1	1-154/154	===============	0/0	100.00	94.81	plasmidfinder	NC_009781
/home/ryder/AMR_PROJECT/assemblies/11657_7_28.fa	ERZ3164910.29	7544	7699	IncB/O/K/Z_2	1-154/160	========/======	2/2	96.25	96.15	plasmidfinder	GU256641
/home/ryder/AMR_PROJECT/assemblies/11657_7_28.fa	ERZ3164910.36	1519	1790	IncFIC(FII)_1	1-271/499	========/......	1/1	54.31	95.96	plasmidfinder	AP001918
/home/ryder/AMR_PROJECT/assemblies/11657_7_28.fa	ERZ3164910.48	1223	1904	IncFIB(AP001918)_1	1-682/682	===============	0/0	100.00	98.39	plasmidfinder	AP001918
/home/ryder/AMR_PROJECT/assemblies/11657_7_28.fa	ERZ3164910.60	1137	1267	ColRNAI_1	1-130/130	========/======	1/1	100.00	86.26	plasmidfinder	DQ298019
/home/ryder/AMR_PROJECT/assemblies/11657_7_28.fa	ERZ3164910.72	2034	2164	ColRNAI_1	1-130/130	========/======	1/1	100.00	88.55	plasmidfinder	DQ298019
