#FILE	SEQUENCE	START	END	GENE	COVERAGE	COVERAGE_MAP	GAPS	%COVERAGE	%IDENTITY	DATABASE	ACCESSION
/home/ryder/AMR_PROJECT/assemblies/11657_6_47.fa	ERZ3165467.29	4579	4900	IncI2_1_Delta	1-316/316	========/======	1/6	100.00	97.52	plasmidfinder	AP002527
/home/ryder/AMR_PROJECT/assemblies/11657_6_47.fa	ERZ3165467.30	13885	14143	IncFII(29)_1_pUTI89	1-259/259	===============	0/0	100.00	99.61	plasmidfinder	CP003035
/home/ryder/AMR_PROJECT/assemblies/11657_6_47.fa	ERZ3165467.35	8442	9123	IncFIB(AP001918)_1	1-682/682	===============	0/0	100.00	96.63	plasmidfinder	AP001918
/home/ryder/AMR_PROJECT/assemblies/11657_6_47.fa	ERZ3165467.43	3638	3791	Col156_1	1-154/154	===============	0/0	100.00	98.70	plasmidfinder	NC_009781
