#FILE	SEQUENCE	START	END	GENE	COVERAGE	COVERAGE_MAP	GAPS	%COVERAGE	%IDENTITY	DATABASE	ACCESSION
/home/ryder/AMR_PROJECT/assemblies/11658_5_25.fa	ERZ3164441.24	40147	40405	IncFII(29)_1_pUTI89	1-259/259	===============	0/0	100.00	99.61	plasmidfinder	CP003035
/home/ryder/AMR_PROJECT/assemblies/11658_5_25.fa	ERZ3164441.27	8209	8363	IncB/O/K/Z_2	1-154/160	========/======	1/1	96.25	96.13	plasmidfinder	GU256641
/home/ryder/AMR_PROJECT/assemblies/11658_5_25.fa	ERZ3164441.47	9711	9864	Col156_1	1-154/154	===============	0/0	100.00	98.70	plasmidfinder	NC_009781
/home/ryder/AMR_PROJECT/assemblies/11658_5_25.fa	ERZ3164441.57	4911	5592	IncFIB(AP001918)_1	1-682/682	===============	0/0	100.00	96.63	plasmidfinder	AP001918
/home/ryder/AMR_PROJECT/assemblies/11658_5_25.fa	ERZ3164441.60	1033	1152	ColRNAI_1	13-130/130	.=======/======	2/2	90.77	89.17	plasmidfinder	DQ298019
/home/ryder/AMR_PROJECT/assemblies/11658_5_25.fa	ERZ3164441.62	3678	3808	ColRNAI_1	1-130/130	========/======	1/1	100.00	88.55	plasmidfinder	DQ298019
