#FILE	SEQUENCE	START	END	GENE	COVERAGE	COVERAGE_MAP	GAPS	%COVERAGE	%IDENTITY	DATABASE	ACCESSION
/home/ryder/AMR_PROJECT/assemblies/11657_5_40.fa	ERZ3165155.100	1699	1829	ColRNAI_1	1-130/130	========/======	1/1	100.00	85.50	plasmidfinder	DQ298019
/home/ryder/AMR_PROJECT/assemblies/11657_5_40.fa	ERZ3165155.128	1	314	IncFIC(FII)_1	188-499/499	.....===/======	4/4	62.32	77.78	plasmidfinder	AP001918
/home/ryder/AMR_PROJECT/assemblies/11657_5_40.fa	ERZ3165155.159	1	254	IncFIC(FII)_1	1-254/499	========.......	0/0	50.90	95.67	plasmidfinder	AP001918
/home/ryder/AMR_PROJECT/assemblies/11657_5_40.fa	ERZ3165155.44	30162	30535	IncX4_1	1-374/374	===============	0/0	100.00	99.73	plasmidfinder	CP002895
/home/ryder/AMR_PROJECT/assemblies/11657_5_40.fa	ERZ3165155.63	9135	9518	IncFIA_1	5-388/388	===============	0/0	98.97	99.74	plasmidfinder	AP001918
/home/ryder/AMR_PROJECT/assemblies/11657_5_40.fa	ERZ3165155.71	1901	2582	IncFIB(AP001918)_1	1-682/682	===============	0/0	100.00	98.39	plasmidfinder	AP001918
/home/ryder/AMR_PROJECT/assemblies/11657_5_40.fa	ERZ3165155.73	6672	6825	Col156_1	1-154/154	===============	0/0	100.00	98.70	plasmidfinder	NC_009781
/home/ryder/AMR_PROJECT/assemblies/11657_5_40.fa	ERZ3165155.83	5977	6107	ColRNAI_1	1-130/130	========/======	1/1	100.00	86.26	plasmidfinder	DQ298019
/home/ryder/AMR_PROJECT/assemblies/11657_5_40.fa	ERZ3165155.92	1	112	IncFIC(FII)_1	188-299/499	.....====......	0/0	22.44	89.29	plasmidfinder	AP001918
