#FILE	SEQUENCE	START	END	GENE	COVERAGE	COVERAGE_MAP	GAPS	%COVERAGE	%IDENTITY	DATABASE	ACCESSION
/home/ryder/AMR_PROJECT/assemblies/11657_5_61.fa	ERZ3165636.154	1	114	IncFII_1	1-114/261	=======........	0/0	43.68	100.00	plasmidfinder	AY458016
/home/ryder/AMR_PROJECT/assemblies/11657_5_61.fa	ERZ3165636.186	334	547	IncFII_1	48-261/261	..=============	0/0	81.99	100.00	plasmidfinder	AY458016
/home/ryder/AMR_PROJECT/assemblies/11657_5_61.fa	ERZ3165636.62	3433	3820	IncFIA_1	1-388/388	===============	0/0	100.00	99.74	plasmidfinder	AP001918
/home/ryder/AMR_PROJECT/assemblies/11657_5_61.fa	ERZ3165636.67	2447	2577	ColRNAI_1	1-130/130	========/======	1/1	100.00	87.79	plasmidfinder	DQ298019
/home/ryder/AMR_PROJECT/assemblies/11657_5_61.fa	ERZ3165636.75	3614	3818	Col8282_1	1-205/207	===============	0/0	99.03	89.27	plasmidfinder	DQ995353
/home/ryder/AMR_PROJECT/assemblies/11657_5_61.fa	ERZ3165636.88	1	251	IncFIC(FII)_1	48-299/499	.=======/=.....	2/3	50.10	91.70	plasmidfinder	AP001918
