#FILE	SEQUENCE	START	END	GENE	COVERAGE	COVERAGE_MAP	GAPS	%COVERAGE	%IDENTITY	DATABASE	ACCESSION
/home/ryder/AMR_PROJECT/assemblies/11657_7_25.fa	ERZ3164868.48	16618	17299	IncFIB(AP001918)_1	1-682/682	===============	0/0	100.00	96.63	plasmidfinder	AP001918
/home/ryder/AMR_PROJECT/assemblies/11657_7_25.fa	ERZ3164868.57	12126	12624	IncFIC(FII)_1	1-499/499	========/======	5/6	99.40	84.26	plasmidfinder	AP001918
/home/ryder/AMR_PROJECT/assemblies/11657_7_25.fa	ERZ3164868.63	3556	3709	Col156_1	1-154/154	===============	0/0	100.00	98.70	plasmidfinder	NC_009781
/home/ryder/AMR_PROJECT/assemblies/11657_7_25.fa	ERZ3164868.81	1101	1231	ColRNAI_1	1-130/130	========/======	1/1	100.00	86.26	plasmidfinder	DQ298019
/home/ryder/AMR_PROJECT/assemblies/11657_7_25.fa	ERZ3164868.84	1033	1152	ColRNAI_1	13-130/130	.=======/======	2/2	90.77	89.17	plasmidfinder	DQ298019
