#FILE	SEQUENCE	START	END	GENE	COVERAGE	COVERAGE_MAP	GAPS	%COVERAGE	%IDENTITY	DATABASE	ACCESSION
/home/ryder/AMR_PROJECT/assemblies/11658_5_36.fa	ERZ3164512.37	1961	2091	ColRNAI_1	1-130/130	========/======	1/1	100.00	88.55	plasmidfinder	DQ298019
/home/ryder/AMR_PROJECT/assemblies/11658_5_36.fa	ERZ3164512.37	11537	11913	IncX1_4	1-377/377	===============	0/0	100.00	98.94	plasmidfinder	JN935898
/home/ryder/AMR_PROJECT/assemblies/11658_5_36.fa	ERZ3164512.59	5660	5790	ColRNAI_1	1-130/130	========/======	1/1	100.00	87.79	plasmidfinder	DQ298019
/home/ryder/AMR_PROJECT/assemblies/11658_5_36.fa	ERZ3164512.63	4500	4619	ColRNAI_1	13-130/130	.=======/======	2/2	90.77	89.17	plasmidfinder	DQ298019
/home/ryder/AMR_PROJECT/assemblies/11658_5_36.fa	ERZ3164512.70	337	543	Col8282_1	1-207/207	===============	0/0	100.00	100.00	plasmidfinder	DQ995353
/home/ryder/AMR_PROJECT/assemblies/11658_5_36.fa	ERZ3164512.83	1590	1851	Col(MG828)_1	1-262/262	===============	0/0	100.00	99.62	plasmidfinder	NC_008486
