#FILE	SEQUENCE	START	END	GENE	COVERAGE	COVERAGE_MAP	GAPS	%COVERAGE	%IDENTITY	DATABASE	ACCESSION
/home/ryder/AMR_PROJECT/assemblies/11657_6_10.fa	ERZ3164579.123	1072	1330	Col(MG828)_1	1-260/262	========/======	1/1	98.85	95.00	plasmidfinder	NC_008486
/home/ryder/AMR_PROJECT/assemblies/11657_6_10.fa	ERZ3164579.233	1	147	Col156_1	1-147/154	===============	0/0	95.45	97.28	plasmidfinder	NC_009781
/home/ryder/AMR_PROJECT/assemblies/11657_6_10.fa	ERZ3164579.36	18921	19179	IncFII(29)_1_pUTI89	1-259/259	===============	0/0	100.00	99.61	plasmidfinder	CP003035
/home/ryder/AMR_PROJECT/assemblies/11657_6_10.fa	ERZ3164579.62	9711	9864	Col156_1	1-154/154	===============	0/0	100.00	98.70	plasmidfinder	NC_009781
/home/ryder/AMR_PROJECT/assemblies/11657_6_10.fa	ERZ3164579.68	1024	1705	IncFIB(AP001918)_1	1-682/682	===============	0/0	100.00	96.63	plasmidfinder	AP001918
