#FILE	SEQUENCE	START	END	GENE	COVERAGE	COVERAGE_MAP	GAPS	%COVERAGE	%IDENTITY	DATABASE	ACCESSION
/home/ryder/AMR_PROJECT/assemblies/11657_5_28.fa	ERZ3164928.44	11357	11744	IncFIA_1	1-388/388	===============	0/0	100.00	99.74	plasmidfinder	AP001918
/home/ryder/AMR_PROJECT/assemblies/11657_5_28.fa	ERZ3164928.48	8720	9362	IncFIB(pB171)_1_pB171	1-643/643	===============	0/0	100.00	99.38	plasmidfinder	AB024946
/home/ryder/AMR_PROJECT/assemblies/11657_5_28.fa	ERZ3164928.57	3637	3790	Col156_1	1-154/154	===============	0/0	100.00	98.70	plasmidfinder	NC_009781
/home/ryder/AMR_PROJECT/assemblies/11657_5_28.fa	ERZ3164928.62	2395	2654	IncFII(pCoo)_1_pCoo	1-262/262	========/======	2/4	98.85	95.06	plasmidfinder	CR942285
/home/ryder/AMR_PROJECT/assemblies/11657_5_28.fa	ERZ3164928.78	823	1083	IncFII(pRSB107)_1_pRSB107	1-261/261	===============	0/0	100.00	100.00	plasmidfinder	AJ851089
