#FILE	SEQUENCE	START	END	GENE	COVERAGE	COVERAGE_MAP	GAPS	%COVERAGE	%IDENTITY	DATABASE	ACCESSION
/home/ryder/AMR_PROJECT/assemblies/11657_7_93.fa	ERZ3166337.42	9833	10331	IncFIC(FII)_1	1-499/499	========/======	5/6	99.40	84.26	plasmidfinder	AP001918
/home/ryder/AMR_PROJECT/assemblies/11657_7_93.fa	ERZ3166337.43	13788	14469	IncFIB(AP001918)_1	1-682/682	===============	0/0	100.00	96.63	plasmidfinder	AP001918
/home/ryder/AMR_PROJECT/assemblies/11657_7_93.fa	ERZ3166337.55	3711	3864	Col156_1	1-154/154	===============	0/0	100.00	98.70	plasmidfinder	NC_009781
/home/ryder/AMR_PROJECT/assemblies/11657_7_93.fa	ERZ3166337.68	100	219	ColRNAI_1	13-130/130	.=======/======	2/2	90.77	89.17	plasmidfinder	DQ298019
