#FILE	SEQUENCE	START	END	GENE	COVERAGE	COVERAGE_MAP	GAPS	%COVERAGE	%IDENTITY	DATABASE	ACCESSION
/home/ryder/AMR_PROJECT/assemblies/11658_4_37.fa	ERZ3165002.47	3433	3795	IncFIA_1	26-388/388	.==============	0/0	93.56	99.72	plasmidfinder	AP001918
/home/ryder/AMR_PROJECT/assemblies/11658_4_37.fa	ERZ3165002.56	8850	9531	IncFIB(AP001918)_1	1-682/682	===============	0/0	100.00	98.39	plasmidfinder	AP001918
/home/ryder/AMR_PROJECT/assemblies/11658_4_37.fa	ERZ3165002.84	1172	1431	IncFII(pHN7A8)_1_pHN7A8	1-260/260	===============	0/0	100.00	98.08	plasmidfinder	JN232517
/home/ryder/AMR_PROJECT/assemblies/11658_4_37.fa	ERZ3165002.88	938	1434	IncFIC(FII)_1	1-499/499	========/======	1/2	99.60	95.59	plasmidfinder	AP001918
