#FILE	SEQUENCE	START	END	GENE	COVERAGE	COVERAGE_MAP	GAPS	%COVERAGE	%IDENTITY	DATABASE	ACCESSION
/home/ryder/AMR_PROJECT/assemblies/11658_4_73.fa	ERZ3165827.100	2723	2876	Col156_1	1-154/154	===============	0/0	100.00	94.81	plasmidfinder	NC_009781
/home/ryder/AMR_PROJECT/assemblies/11658_4_73.fa	ERZ3165827.105	4266	4396	ColRNAI_1	1-130/130	========/======	1/1	100.00	87.79	plasmidfinder	DQ298019
/home/ryder/AMR_PROJECT/assemblies/11658_4_73.fa	ERZ3165827.116	4246	4399	Col156_1	1-154/154	===============	0/0	100.00	94.81	plasmidfinder	NC_009781
/home/ryder/AMR_PROJECT/assemblies/11658_4_73.fa	ERZ3165827.132	1583	1880	IncFIC(FII)_1	1-299/499	========/=.....	2/3	59.52	92.67	plasmidfinder	AP001918
/home/ryder/AMR_PROJECT/assemblies/11658_4_73.fa	ERZ3165827.145	1666	1858	ColpVC_1	1-193/193	===============	0/0	100.00	99.48	plasmidfinder	JX133088
/home/ryder/AMR_PROJECT/assemblies/11658_4_73.fa	ERZ3165827.154	909	1170	Col(MG828)_1	1-262/262	===============	0/0	100.00	91.98	plasmidfinder	NC_008486
/home/ryder/AMR_PROJECT/assemblies/11658_4_73.fa	ERZ3165827.234	352	428	IncFIC(FII)_1	195-271/499	.....====......	0/0	15.43	96.10	plasmidfinder	AP001918
/home/ryder/AMR_PROJECT/assemblies/11658_4_73.fa	ERZ3165827.295	1	240	IncFII(29)_1_pUTI89	1-240/259	==============.	0/0	92.66	100.00	plasmidfinder	CP003035
/home/ryder/AMR_PROJECT/assemblies/11658_4_73.fa	ERZ3165827.76	8114	8795	IncFIB(AP001918)_1	1-682/682	===============	0/0	100.00	96.63	plasmidfinder	AP001918
