#FILE	SEQUENCE	START	END	GENE	COVERAGE	COVERAGE_MAP	GAPS	%COVERAGE	%IDENTITY	DATABASE	ACCESSION
/home/ryder/AMR_PROJECT/assemblies/11658_4_67.fa	ERZ3165730.109	3550	3756	IncFIC(FII)_1	93-299/499	..=======......	0/0	41.48	89.86	plasmidfinder	AP001918
/home/ryder/AMR_PROJECT/assemblies/11658_4_67.fa	ERZ3165730.131	1224	1456	Col(BS512)_1	1-233/233	===============	0/0	100.00	100.00	plasmidfinder	NC_010656
/home/ryder/AMR_PROJECT/assemblies/11658_4_67.fa	ERZ3165730.131	1528	1720	Col(BS512)_1__NC_010656_dupe	1-193/193	===============	0/0	100.00	100.00	plasmidfinder	
/home/ryder/AMR_PROJECT/assemblies/11658_4_67.fa	ERZ3165730.147	356	742	IncFIA(HI1)_1_HI1	1-388/388	========/======	1/1	99.74	98.45	plasmidfinder	AF250878
/home/ryder/AMR_PROJECT/assemblies/11658_4_67.fa	ERZ3165730.149	1	409	IncFIC(FII)_1	93-499/499	..======/======	4/4	81.36	81.22	plasmidfinder	AP001918
/home/ryder/AMR_PROJECT/assemblies/11658_4_67.fa	ERZ3165730.202	1	159	IncFIC(FII)_1	1-159/499	=====..........	0/0	31.86	93.71	plasmidfinder	AP001918
/home/ryder/AMR_PROJECT/assemblies/11658_4_67.fa	ERZ3165730.25	3943	4093	IncB/O/K/Z_1	1-151/151	===============	0/0	100.00	99.34	plasmidfinder	CU928147
/home/ryder/AMR_PROJECT/assemblies/11658_4_67.fa	ERZ3165730.57	800	1564	IncY_1	1-765/765	===============	0/0	100.00	98.82	plasmidfinder	K02380
/home/ryder/AMR_PROJECT/assemblies/11658_4_67.fa	ERZ3165730.79	1902	2583	IncFIB(AP001918)_1	1-682/682	===============	0/0	100.00	98.39	plasmidfinder	AP001918
/home/ryder/AMR_PROJECT/assemblies/11658_4_67.fa	ERZ3165730.80	3694	4143	IncQ1_1	1-450/450	===============	0/0	100.00	100.00	plasmidfinder	HE654726
/home/ryder/AMR_PROJECT/assemblies/11658_4_67.fa	ERZ3165730.83	6073	6456	IncFIA_1	5-388/388	===============	0/0	98.97	99.74	plasmidfinder	AP001918
/home/ryder/AMR_PROJECT/assemblies/11658_4_67.fa	ERZ3165730.97	945	1098	Col156_1	1-154/154	===============	0/0	100.00	94.81	plasmidfinder	NC_009781
