#FILE	SEQUENCE	START	END	GENE	COVERAGE	COVERAGE_MAP	GAPS	%COVERAGE	%IDENTITY	DATABASE	ACCESSION
/home/ryder/AMR_PROJECT/assemblies/11658_3_53.fa	ERZ3165733.109	1224	1456	Col(BS512)_1	1-233/233	===============	0/0	100.00	100.00	plasmidfinder	NC_010656
/home/ryder/AMR_PROJECT/assemblies/11658_3_53.fa	ERZ3165733.109	1528	1720	Col(BS512)_1__NC_010656_dupe	1-193/193	===============	0/0	100.00	100.00	plasmidfinder	
/home/ryder/AMR_PROJECT/assemblies/11658_3_53.fa	ERZ3165733.119	1116	1375	Col(MG828)_1	1-260/262	===============	0/0	99.24	95.00	plasmidfinder	NC_008486
/home/ryder/AMR_PROJECT/assemblies/11658_3_53.fa	ERZ3165733.194	69	330	Col(MG828)_1	1-262/262	===============	0/0	100.00	93.13	plasmidfinder	NC_008486
/home/ryder/AMR_PROJECT/assemblies/11658_3_53.fa	ERZ3165733.27	72091	72232	IncI1_1_Alpha	1-142/142	===============	0/0	100.00	97.89	plasmidfinder	AP005147
/home/ryder/AMR_PROJECT/assemblies/11658_3_53.fa	ERZ3165733.47	16398	16970	IncFII(pCRY)_1_pCRY	19-591/593	===============	0/0	96.63	79.76	plasmidfinder	NC_005814
/home/ryder/AMR_PROJECT/assemblies/11658_3_53.fa	ERZ3165733.47	17441	17590	Col(MG828)_1	109-255/262	.....===/======	3/3	56.11	76.00	plasmidfinder	NC_008486
/home/ryder/AMR_PROJECT/assemblies/11658_3_53.fa	ERZ3165733.55	2217	2590	IncX4_1	1-374/374	===============	0/0	100.00	99.73	plasmidfinder	CP002895
/home/ryder/AMR_PROJECT/assemblies/11658_3_53.fa	ERZ3165733.56	4913	5594	IncFIB(AP001918)_1	1-682/682	===============	0/0	100.00	96.63	plasmidfinder	AP001918
/home/ryder/AMR_PROJECT/assemblies/11658_3_53.fa	ERZ3165733.60	1647	2145	IncFIC(FII)_1	1-499/499	========/======	5/6	99.40	84.26	plasmidfinder	AP001918
/home/ryder/AMR_PROJECT/assemblies/11658_3_53.fa	ERZ3165733.70	4658	4788	ColRNAI_1	1-130/130	========/======	1/1	100.00	86.26	plasmidfinder	DQ298019
/home/ryder/AMR_PROJECT/assemblies/11658_3_53.fa	ERZ3165733.72	6345	6498	Col156_1	1-154/154	===============	0/0	100.00	98.70	plasmidfinder	NC_009781
/home/ryder/AMR_PROJECT/assemblies/11658_3_53.fa	ERZ3165733.74	1554	1684	ColRNAI_1	1-130/130	========/======	1/1	100.00	85.50	plasmidfinder	DQ298019
/home/ryder/AMR_PROJECT/assemblies/11658_3_53.fa	ERZ3165733.80	4249	4379	ColRNAI_1	1-130/130	========/======	1/1	100.00	88.55	plasmidfinder	DQ298019
