#FILE	SEQUENCE	START	END	GENE	COVERAGE	COVERAGE_MAP	GAPS	%COVERAGE	%IDENTITY	DATABASE	ACCESSION
/home/ryder/AMR_PROJECT/assemblies/11657_5_55.fa	ERZ3165558.13	43079	43233	IncB/O/K/Z_2	1-154/160	========/======	3/3	95.62	94.87	plasmidfinder	GU256641
/home/ryder/AMR_PROJECT/assemblies/11657_5_55.fa	ERZ3165558.13	80395	80652	IncX1_4	120-377/377	....===========	0/0	68.44	98.84	plasmidfinder	JN935898
/home/ryder/AMR_PROJECT/assemblies/11657_5_55.fa	ERZ3165558.13	104461	104588	IncX1_4	1-128/377	======.........	0/0	33.95	99.22	plasmidfinder	JN935898
/home/ryder/AMR_PROJECT/assemblies/11657_5_55.fa	ERZ3165558.79	1073	1334	Col(MG828)_1	1-262/262	===============	0/0	100.00	91.98	plasmidfinder	NC_008486
