#FILE	SEQUENCE	START	END	GENE	COVERAGE	COVERAGE_MAP	GAPS	%COVERAGE	%IDENTITY	DATABASE	ACCESSION
/home/ryder/AMR_PROJECT/assemblies/11657_7_89.fa	ERZ3166180.54	3433	3820	IncFIA_1	1-388/388	===============	0/0	100.00	99.74	plasmidfinder	AP001918
/home/ryder/AMR_PROJECT/assemblies/11657_7_89.fa	ERZ3166180.56	1981	2241	IncFII_1	1-261/261	===============	0/0	100.00	100.00	plasmidfinder	AY458016
/home/ryder/AMR_PROJECT/assemblies/11657_7_89.fa	ERZ3166180.64	3690	3891	Col8282_1	4-205/207	===============	0/0	97.58	89.60	plasmidfinder	DQ995353
/home/ryder/AMR_PROJECT/assemblies/11657_7_89.fa	ERZ3166180.81	1141	1402	Col(MG828)_1	1-262/262	===============	0/0	100.00	92.75	plasmidfinder	NC_008486
