#FILE	SEQUENCE	START	END	GENE	COVERAGE	COVERAGE_MAP	GAPS	%COVERAGE	%IDENTITY	DATABASE	ACCESSION
/home/ryder/AMR_PROJECT/assemblies/11657_7_55.fa	ERZ3165606.21	28556	29115	IncFIB(pKPHS1)_1_pKPHS1	1-560/560	========/======	4/8	99.29	76.24	plasmidfinder	CP003223
/home/ryder/AMR_PROJECT/assemblies/11657_7_55.fa	ERZ3165606.52	2180	2861	IncFIB(AP001918)_1	1-682/682	===============	0/0	100.00	97.95	plasmidfinder	AP001918
/home/ryder/AMR_PROJECT/assemblies/11657_7_55.fa	ERZ3165606.53	6820	6961	Col156_1	13-154/154	.==============	0/0	92.21	98.59	plasmidfinder	NC_009781
/home/ryder/AMR_PROJECT/assemblies/11657_7_55.fa	ERZ3165606.59	4793	5180	IncFIA_1	1-388/388	===============	0/0	100.00	100.00	plasmidfinder	AP001918
/home/ryder/AMR_PROJECT/assemblies/11657_7_55.fa	ERZ3165606.61	6167	6427	IncFII(pRSB107)_1_pRSB107	1-261/261	===============	0/0	100.00	100.00	plasmidfinder	AJ851089
/home/ryder/AMR_PROJECT/assemblies/11657_7_55.fa	ERZ3165606.67	4391	4544	Col156_1	1-154/154	===============	0/0	100.00	94.81	plasmidfinder	NC_009781
/home/ryder/AMR_PROJECT/assemblies/11657_7_55.fa	ERZ3165606.73	376	580	Col8282_1	1-205/207	===============	0/0	99.03	89.76	plasmidfinder	DQ995353
