#FILE	SEQUENCE	START	END	GENE	COVERAGE	COVERAGE_MAP	GAPS	%COVERAGE	%IDENTITY	DATABASE	ACCESSION
/home/ryder/AMR_PROJECT/assemblies/11657_7_9.fa	ERZ3164612.39	8671	9044	IncX1_1	1-374/374	===============	0/0	100.00	98.66	plasmidfinder	EU370913
/home/ryder/AMR_PROJECT/assemblies/11657_7_9.fa	ERZ3164612.39	9691	10033	IncX3_1	37-374/374	.=======/======	4/5	90.37	80.47	plasmidfinder	JN247852
/home/ryder/AMR_PROJECT/assemblies/11657_7_9.fa	ERZ3164612.49	3867	4363	IncFIC(FII)_1	1-499/499	========/======	1/2	99.60	95.59	plasmidfinder	AP001918
/home/ryder/AMR_PROJECT/assemblies/11657_7_9.fa	ERZ3164612.80	10502	10678	ColE10_1	1-177/177	===============	0/0	100.00	100.00	plasmidfinder	X01654
/home/ryder/AMR_PROJECT/assemblies/11657_7_9.fa	ERZ3164612.87	1902	2583	IncFIB(AP001918)_1	1-682/682	===============	0/0	100.00	98.39	plasmidfinder	AP001918
