#FILE	SEQUENCE	START	END	GENE	COVERAGE	COVERAGE_MAP	GAPS	%COVERAGE	%IDENTITY	DATABASE	ACCESSION
/home/ryder/AMR_PROJECT/assemblies/11657_6_41.fa	ERZ3165207.146	150	651	IncFIC(FII)_1	1-499/499	========/======	5/5	99.80	83.50	plasmidfinder	AP001918
/home/ryder/AMR_PROJECT/assemblies/11657_6_41.fa	ERZ3165207.218	1	84	IncFIC(FII)_1	188-271/499	.....====......	0/0	16.83	96.43	plasmidfinder	AP001918
/home/ryder/AMR_PROJECT/assemblies/11657_6_41.fa	ERZ3165207.329	34	279	IncFII(29)_1_pUTI89	1-246/259	===============	0/0	94.98	99.59	plasmidfinder	CP003035
/home/ryder/AMR_PROJECT/assemblies/11657_6_41.fa	ERZ3165207.54	9711	9864	Col156_1	1-154/154	===============	0/0	100.00	98.70	plasmidfinder	NC_009781
/home/ryder/AMR_PROJECT/assemblies/11657_6_41.fa	ERZ3165207.56	11344	12025	IncFIB(AP001918)_1	1-682/682	===============	0/0	100.00	96.63	plasmidfinder	AP001918
