#FILE	SEQUENCE	START	END	GENE	COVERAGE	COVERAGE_MAP	GAPS	%COVERAGE	%IDENTITY	DATABASE	ACCESSION
/home/ryder/AMR_PROJECT/assemblies/11658_4_7.fa	ERZ3164415.21	25638	26197	IncFIB(pKPHS1)_1_pKPHS1	1-560/560	========/======	4/8	99.29	75.71	plasmidfinder	CP003223
/home/ryder/AMR_PROJECT/assemblies/11658_4_7.fa	ERZ3164415.27	70252	70393	IncI1_1_Alpha	1-142/142	===============	0/0	100.00	100.00	plasmidfinder	AP005147
/home/ryder/AMR_PROJECT/assemblies/11658_4_7.fa	ERZ3164415.30	27097	27412	IncI2_1_Delta	1-316/316	===============	0/0	100.00	100.00	plasmidfinder	AP002527
/home/ryder/AMR_PROJECT/assemblies/11658_4_7.fa	ERZ3164415.32	2084	2344	IncFII(pHN7A8)_1_pHN7A8	1-260/260	========/======	1/1	100.00	98.08	plasmidfinder	JN232517
