#FILE	SEQUENCE	START	END	GENE	COVERAGE	COVERAGE_MAP	GAPS	%COVERAGE	%IDENTITY	DATABASE	ACCESSION
/home/ryder/AMR_PROJECT/assemblies/11657_6_19.fa	ERZ3164669.35	8499	9180	IncFIB(AP001918)_1	1-682/682	===============	0/0	100.00	96.63	plasmidfinder	AP001918
/home/ryder/AMR_PROJECT/assemblies/11657_6_19.fa	ERZ3164669.40	13937	14195	IncFII(29)_1_pUTI89	1-259/259	===============	0/0	100.00	99.61	plasmidfinder	CP003035
/home/ryder/AMR_PROJECT/assemblies/11657_6_19.fa	ERZ3164669.50	1101	1231	ColRNAI_1	1-130/130	========/======	1/1	100.00	86.26	plasmidfinder	DQ298019
/home/ryder/AMR_PROJECT/assemblies/11657_6_19.fa	ERZ3164669.51	3705	3858	Col156_1	1-154/154	===============	0/0	100.00	98.70	plasmidfinder	NC_009781
