#FILE	SEQUENCE	START	END	GENE	COVERAGE	COVERAGE_MAP	GAPS	%COVERAGE	%IDENTITY	DATABASE	ACCESSION
/home/ryder/AMR_PROJECT/assemblies/11658_4_60.fa	ERZ3165511.32	1830	2090	IncFII_1	1-261/261	===============	0/0	100.00	100.00	plasmidfinder	AY458016
/home/ryder/AMR_PROJECT/assemblies/11658_4_60.fa	ERZ3165511.39	1902	2583	IncFIB(AP001918)_1	1-682/682	===============	0/0	100.00	98.39	plasmidfinder	AP001918
/home/ryder/AMR_PROJECT/assemblies/11658_4_60.fa	ERZ3165511.43	4917	5045	ColRNAI_1	1-128/130	========/======	1/1	98.46	84.50	plasmidfinder	DQ298019
/home/ryder/AMR_PROJECT/assemblies/11658_4_60.fa	ERZ3165511.62	1077	1338	Col(MG828)_1	1-262/262	===============	0/0	100.00	93.51	plasmidfinder	NC_008486
