#FILE	SEQUENCE	START	END	GENE	COVERAGE	COVERAGE_MAP	GAPS	%COVERAGE	%IDENTITY	DATABASE	ACCESSION
/home/ryder/AMR_PROJECT/assemblies/11657_7_16.fa	ERZ3164642.28	45873	46023	IncB/O/K/Z_1	1-151/151	===============	0/0	100.00	100.00	plasmidfinder	CU928147
/home/ryder/AMR_PROJECT/assemblies/11657_7_16.fa	ERZ3164642.37	1544	1815	IncFIC(FII)_1	1-271/499	========/......	1/1	54.31	95.96	plasmidfinder	AP001918
/home/ryder/AMR_PROJECT/assemblies/11657_7_16.fa	ERZ3164642.53	6806	7435	IncHI2A_1	1-630/630	===============	0/0	100.00	99.52	plasmidfinder	BX664015
/home/ryder/AMR_PROJECT/assemblies/11657_7_16.fa	ERZ3164642.55	14733	15414	IncFIB(AP001918)_1	1-682/682	===============	0/0	100.00	98.24	plasmidfinder	AP001918
/home/ryder/AMR_PROJECT/assemblies/11657_7_16.fa	ERZ3164642.69	5543	5673	ColRNAI_1	1-130/130	========/======	1/1	100.00	88.55	plasmidfinder	DQ298019
/home/ryder/AMR_PROJECT/assemblies/11657_7_16.fa	ERZ3164642.76	5473	5624	Col156_1	1-152/154	===============	0/0	98.70	90.79	plasmidfinder	NC_009781
/home/ryder/AMR_PROJECT/assemblies/11657_7_16.fa	ERZ3164642.86	209	535	IncHI2_1	1-327/327	===============	0/0	100.00	100.00	plasmidfinder	BX664015
/home/ryder/AMR_PROJECT/assemblies/11657_7_16.fa	ERZ3164642.86	1154	1748	TrfA_1	2-596/596	========/======	2/2	99.66	80.20	plasmidfinder	CP11611
