#FILE	SEQUENCE	START	END	GENE	COVERAGE	COVERAGE_MAP	GAPS	%COVERAGE	%IDENTITY	DATABASE	ACCESSION
/home/ryder/AMR_PROJECT/assemblies/11657_7_39.fa	ERZ3165219.123	362	620	IncFII(29)_1_pUTI89	1-259/259	===============	0/0	100.00	99.61	plasmidfinder	CP003035
/home/ryder/AMR_PROJECT/assemblies/11657_7_39.fa	ERZ3165219.137	863	1111	IncFII(pRSB107)_1_pRSB107	1-248/261	========/======	1/1	95.02	95.98	plasmidfinder	AJ851089
/home/ryder/AMR_PROJECT/assemblies/11657_7_39.fa	ERZ3165219.201	321	415	IncFIC(FII)_1	205-299/499	......===......	0/0	19.04	87.37	plasmidfinder	AP001918
/home/ryder/AMR_PROJECT/assemblies/11657_7_39.fa	ERZ3165219.29	5735	6058	IncI2_1	1-324/324	===============	0/0	100.00	99.69	plasmidfinder	KP347127
/home/ryder/AMR_PROJECT/assemblies/11657_7_39.fa	ERZ3165219.48	27239	27612	IncX4_1	1-374/374	===============	0/0	100.00	100.00	plasmidfinder	CP002895
/home/ryder/AMR_PROJECT/assemblies/11657_7_39.fa	ERZ3165219.58	4913	5594	IncFIB(AP001918)_1	1-682/682	===============	0/0	100.00	96.63	plasmidfinder	AP001918
/home/ryder/AMR_PROJECT/assemblies/11657_7_39.fa	ERZ3165219.66	6820	6961	Col156_1	13-154/154	.==============	0/0	92.21	98.59	plasmidfinder	NC_009781
/home/ryder/AMR_PROJECT/assemblies/11657_7_39.fa	ERZ3165219.88	3930	4379	IncQ1_1	1-450/450	===============	0/0	100.00	100.00	plasmidfinder	HE654726
/home/ryder/AMR_PROJECT/assemblies/11657_7_39.fa	ERZ3165219.93	259	460	Col8282_1	4-205/207	===============	0/0	97.58	89.60	plasmidfinder	DQ995353
