#FILE	SEQUENCE	START	END	GENE	COVERAGE	COVERAGE_MAP	GAPS	%COVERAGE	%IDENTITY	DATABASE	ACCESSION
/home/ryder/AMR_PROJECT/assemblies/11657_7_42.fa	ERZ3165339.31	1186	1559	IncX1_1	1-374/374	===============	0/0	100.00	94.65	plasmidfinder	EU370913
/home/ryder/AMR_PROJECT/assemblies/11657_7_42.fa	ERZ3165339.38	15216	15603	IncFIA_1	1-388/388	===============	0/0	100.00	99.74	plasmidfinder	AP001918
/home/ryder/AMR_PROJECT/assemblies/11657_7_42.fa	ERZ3165339.42	19240	19500	IncFII(pRSB107)_1_pRSB107	1-261/261	===============	0/0	100.00	100.00	plasmidfinder	AJ851089
/home/ryder/AMR_PROJECT/assemblies/11657_7_42.fa	ERZ3165339.60	1831	1984	Col156_1	1-154/154	===============	0/0	100.00	98.70	plasmidfinder	NC_009781
/home/ryder/AMR_PROJECT/assemblies/11657_7_42.fa	ERZ3165339.66	633	1314	IncFIB(AP001918)_1	1-682/682	===============	0/0	100.00	98.39	plasmidfinder	AP001918
/home/ryder/AMR_PROJECT/assemblies/11657_7_42.fa	ERZ3165339.99	1	94	Col(MG828)_1	1-94/262	======.........	0/0	35.88	92.55	plasmidfinder	NC_008486
/home/ryder/AMR_PROJECT/assemblies/11657_7_42.fa	ERZ3165339.99	1382	1615	Col(MG828)_1	29-262/262	.==============	0/0	89.31	91.45	plasmidfinder	NC_008486
