#FILE	SEQUENCE	START	END	GENE	COVERAGE	COVERAGE_MAP	GAPS	%COVERAGE	%IDENTITY	DATABASE	ACCESSION
/home/ryder/AMR_PROJECT/assemblies/11657_6_79.fa	ERZ3166013.118	414	606	ColpVC_1	1-193/193	===============	0/0	100.00	98.96	plasmidfinder	JX133088
/home/ryder/AMR_PROJECT/assemblies/11657_6_79.fa	ERZ3166013.26	64728	65492	IncY_1	1-765/765	===============	0/0	100.00	98.95	plasmidfinder	K02380
/home/ryder/AMR_PROJECT/assemblies/11657_6_79.fa	ERZ3166013.40	10444	10705	IncFII(pRSB107)_1_pRSB107	1-261/261	========/======	1/1	100.00	96.18	plasmidfinder	AJ851089
/home/ryder/AMR_PROJECT/assemblies/11657_6_79.fa	ERZ3166013.66	4957	5108	Col156_1	1-152/154	===============	0/0	98.70	98.03	plasmidfinder	NC_009781
/home/ryder/AMR_PROJECT/assemblies/11657_6_79.fa	ERZ3166013.69	5412	5531	ColRNAI_1	13-130/130	.=======/======	2/2	90.77	89.17	plasmidfinder	DQ298019
/home/ryder/AMR_PROJECT/assemblies/11657_6_79.fa	ERZ3166013.94	215	476	Col(MG828)_1	1-262/262	===============	0/0	100.00	91.60	plasmidfinder	NC_008486
