#FILE	SEQUENCE	START	END	GENE	COVERAGE	COVERAGE_MAP	GAPS	%COVERAGE	%IDENTITY	DATABASE	ACCESSION
/home/ryder/AMR_PROJECT/assemblies/11658_4_83.fa	ERZ3165950.120	1287	1417	ColRNAI_1	1-130/130	========/======	1/1	100.00	87.79	plasmidfinder	DQ298019
/home/ryder/AMR_PROJECT/assemblies/11658_4_83.fa	ERZ3165950.135	281	542	Col(MG828)_1	1-262/262	===============	0/0	100.00	93.13	plasmidfinder	NC_008486
/home/ryder/AMR_PROJECT/assemblies/11658_4_83.fa	ERZ3165950.141	398	575	Col(KPHS6)_1	1-178/178	===============	0/0	100.00	100.00	plasmidfinder	NC_016841
/home/ryder/AMR_PROJECT/assemblies/11658_4_83.fa	ERZ3165950.165	741	1002	IncFII_1	1-261/261	========/======	1/1	100.00	96.95	plasmidfinder	AY458016
/home/ryder/AMR_PROJECT/assemblies/11658_4_83.fa	ERZ3165950.234	352	428	IncFIC(FII)_1	195-271/499	.....====......	0/0	15.43	96.10	plasmidfinder	AP001918
/home/ryder/AMR_PROJECT/assemblies/11658_4_83.fa	ERZ3165950.235	1	105	IncFIC(FII)_1	195-299/499	.....====......	0/0	21.04	93.33	plasmidfinder	AP001918
/home/ryder/AMR_PROJECT/assemblies/11658_4_83.fa	ERZ3165950.51	9711	9864	Col156_1	1-154/154	===============	0/0	100.00	98.70	plasmidfinder	NC_009781
/home/ryder/AMR_PROJECT/assemblies/11658_4_83.fa	ERZ3165950.64	1024	1705	IncFIB(AP001918)_1	1-682/682	===============	0/0	100.00	96.63	plasmidfinder	AP001918
/home/ryder/AMR_PROJECT/assemblies/11658_4_83.fa	ERZ3165950.78	3564	3683	ColRNAI_1	13-130/130	.=======/======	2/2	90.77	89.17	plasmidfinder	DQ298019
/home/ryder/AMR_PROJECT/assemblies/11658_4_83.fa	ERZ3165950.99	290	482	Col(MP18)_1	1-193/193	===============	0/0	100.00	99.48	plasmidfinder	NC_013652
