#FILE	SEQUENCE	START	END	GENE	COVERAGE	COVERAGE_MAP	GAPS	%COVERAGE	%IDENTITY	DATABASE	ACCESSION
/home/ryder/AMR_PROJECT/assemblies/11657_5_36.fa	ERZ3165022.118	1083	1232	IncB/O/K/Z_1	1-149/151	========/======	1/1	98.68	94.00	plasmidfinder	CU928147
/home/ryder/AMR_PROJECT/assemblies/11657_5_36.fa	ERZ3165022.148	928	1189	Col(MG828)_1	1-262/262	===============	0/0	100.00	92.75	plasmidfinder	NC_008486
/home/ryder/AMR_PROJECT/assemblies/11657_5_36.fa	ERZ3165022.304	217	348	ColRNAI_1	1-130/130	========/======	2/2	100.00	89.39	plasmidfinder	DQ298019
/home/ryder/AMR_PROJECT/assemblies/11657_5_36.fa	ERZ3165022.332	98	251	Col156_1	1-154/154	===============	0/0	100.00	97.40	plasmidfinder	NC_009781
/home/ryder/AMR_PROJECT/assemblies/11657_5_36.fa	ERZ3165022.79	6182	6270	ColRNAI_1	43-130/130	....====/======	1/1	67.69	86.52	plasmidfinder	DQ298019
/home/ryder/AMR_PROJECT/assemblies/11657_5_36.fa	ERZ3165022.82	5580	5780	Col8282_1	3-204/207	========/======	1/1	97.10	76.73	plasmidfinder	DQ995353
