#FILE	SEQUENCE	START	END	GENE	COVERAGE	COVERAGE_MAP	GAPS	%COVERAGE	%IDENTITY	DATABASE	ACCESSION
/home/ryder/AMR_PROJECT/assemblies/11657_6_4.fa	ERZ3164442.28	20801	21482	IncFIB(AP001918)_1	1-682/682	===============	0/0	100.00	98.39	plasmidfinder	AP001918
/home/ryder/AMR_PROJECT/assemblies/11657_6_4.fa	ERZ3164442.31	35381	35754	IncX1_1	1-374/374	===============	0/0	100.00	99.20	plasmidfinder	EU370913
/home/ryder/AMR_PROJECT/assemblies/11657_6_4.fa	ERZ3164442.36	1233	1493	IncFII_1	1-261/261	===============	0/0	100.00	100.00	plasmidfinder	AY458016
/home/ryder/AMR_PROJECT/assemblies/11657_6_4.fa	ERZ3164442.59	502	632	ColRNAI_1	1-130/130	========/======	1/1	100.00	83.21	plasmidfinder	DQ298019
/home/ryder/AMR_PROJECT/assemblies/11657_6_4.fa	ERZ3164442.59	1364	1466	Col(MGD2)_1	1-103/136	============...	0/0	75.74	83.50	plasmidfinder	NC_003789
/home/ryder/AMR_PROJECT/assemblies/11657_6_4.fa	ERZ3164442.62	142	591	IncQ1_1	1-450/450	===============	0/0	100.00	100.00	plasmidfinder	HE654726
