#FILE	SEQUENCE	START	END	GENE	COVERAGE	COVERAGE_MAP	GAPS	%COVERAGE	%IDENTITY	DATABASE	ACCESSION
/home/ryder/AMR_PROJECT/assemblies/11657_7_59.fa	ERZ3165649.102	51	312	Col(MG828)_1	1-262/262	===============	0/0	100.00	93.13	plasmidfinder	NC_008486
/home/ryder/AMR_PROJECT/assemblies/11657_7_59.fa	ERZ3165649.46	12554	12941	IncFIA_1	1-388/388	===============	0/0	100.00	99.74	plasmidfinder	AP001918
/home/ryder/AMR_PROJECT/assemblies/11657_7_59.fa	ERZ3165649.57	2484	2744	IncFII_1	1-261/261	===============	0/0	100.00	100.00	plasmidfinder	AY458016
/home/ryder/AMR_PROJECT/assemblies/11657_7_59.fa	ERZ3165649.58	1902	2583	IncFIB(AP001918)_1	1-682/682	===============	0/0	100.00	98.39	plasmidfinder	AP001918
/home/ryder/AMR_PROJECT/assemblies/11657_7_59.fa	ERZ3165649.76	3705	3858	Col156_1	1-154/154	===============	0/0	100.00	98.70	plasmidfinder	NC_009781
