#FILE	SEQUENCE	START	END	GENE	COVERAGE	COVERAGE_MAP	GAPS	%COVERAGE	%IDENTITY	DATABASE	ACCESSION
/home/ryder/AMR_PROJECT/assemblies/11657_6_57.fa	ERZ3165651.25	46536	46796	IncFII_1	1-261/261	===============	0/0	100.00	100.00	plasmidfinder	AY458016
/home/ryder/AMR_PROJECT/assemblies/11657_6_57.fa	ERZ3165651.57	5587	5837	IncR_1	1-251/251	===============	0/0	100.00	100.00	plasmidfinder	DQ449578
/home/ryder/AMR_PROJECT/assemblies/11657_6_57.fa	ERZ3165651.57	13776	13913	IncN_1	377-514/514	...........====	0/0	26.85	98.55	plasmidfinder	AY046276
/home/ryder/AMR_PROJECT/assemblies/11657_6_57.fa	ERZ3165651.6	49790	50238	IncQ1_1	1-449/450	========/======	2/2	99.56	78.00	plasmidfinder	HE654726
/home/ryder/AMR_PROJECT/assemblies/11657_6_57.fa	ERZ3165651.78	1029	1209	Col8282_1	25-205/207	.==============	0/0	87.44	92.27	plasmidfinder	DQ995353
/home/ryder/AMR_PROJECT/assemblies/11657_6_57.fa	ERZ3165651.82	154	338	Col(IRGK)_1	1-184/184	========/======	1/1	100.00	97.30	plasmidfinder	AY543071
